solid OpenSCAD_Model
  facet normal 0 0 -1
    outer loop
      vertex 0 0 0
      vertex 9.609600000083447 37.56319999843836 0
      vertex 26.4 7.9 0
    endloop
  endfacet
  facet normal 0 0 -1
    outer loop
      vertex 0 0 0
      vertex 26.4 7.9 0
      vertex 29.4 7.9 0
    endloop
  endfacet
  facet normal 0 0 -1
    outer loop
      vertex 0 0 0
      vertex 29.4 7.9 0
      vertex 32.4 7.9 0
    endloop
  endfacet
  facet normal 0 0 -1
    outer loop
      vertex 0 0 0
      vertex 32.4 7.9 0
      vertex 35.4 7.9 0
    endloop
  endfacet
  facet normal 0 0 -1
    outer loop
      vertex 0 0 0
      vertex 35.4 7.9 0
      vertex 38.4 7.9 0
    endloop
  endfacet
  facet normal 0 0 -1
    outer loop
      vertex 0 0 0
      vertex 38.4 7.9 0
      vertex 41.4 7.9 0
    endloop
  endfacet
  facet normal 0 0 1
    outer loop
      vertex 0 0 2.4
      vertex 2.6999999999999997 2.6999999999999997 2.4
      vertex 0 95.8 2.4
    endloop
  endfacet
  facet normal 0 0 -1
    outer loop
      vertex 0 0 0
      vertex 9.609600000083447 38.56345000267029 0
      vertex 9.609600000083447 37.56319999843836 0
    endloop
  endfacet
  facet normal 0 0 -1
    outer loop
      vertex 0 0 0
      vertex 9.609600000083447 40.652350002527236 0
      vertex 9.609600000083447 38.56345000267029 0
    endloop
  endfacet
  facet normal 0 0 -1
    outer loop
      vertex 0 0 0
      vertex 9.609600000083447 41.82554999887943 0
      vertex 9.609600000083447 40.652350002527236 0
    endloop
  endfacet
  facet normal 0 0 -1
    outer loop
      vertex 0 0 0
      vertex 9.609600000083447 43.8463500007987 0
      vertex 9.609600000083447 41.82554999887943 0
    endloop
  endfacet
  facet normal 0 0 -1
    outer loop
      vertex 0 0 0
      vertex 9.609600000083447 44.73470000326633 0
      vertex 9.609600000083447 43.8463500007987 0
    endloop
  endfacet
  facet normal -1 0 0
    outer loop
      vertex 0 0 2.4
      vertex 0 95.8 0
      vertex 0 0 0
    endloop
  endfacet
  facet normal 0 0 -1
    outer loop
      vertex 0 0 0
      vertex 9.59691122174263 47.317918369174 0
      vertex 9.609600000083447 44.73470000326633 0
    endloop
  endfacet
  facet normal 0 0 -1
    outer loop
      vertex 0 0 0
      vertex 9.566293880343437 47.50848673433065 0
      vertex 9.59691122174263 47.317918369174 0
    endloop
  endfacet
  facet normal 0 0 -1
    outer loop
      vertex 0 0 0
      vertex 9.547923468053341 47.706530609726904 0
      vertex 9.566293880343437 47.50848673433065 0
    endloop
  endfacet
  facet normal 0 0 -1
    outer loop
      vertex 0 0 0
      vertex 9.541799999773502 47.91205000281334 0
      vertex 9.547923468053341 47.706530609726904 0
    endloop
  endfacet
  facet normal 0 0 -1
    outer loop
      vertex 0 0 0
      vertex 9.609600000083447 58.39305000156164 0
      vertex 9.541799999773502 47.91205000281334 0
    endloop
  endfacet
  facet normal 0 0 -1
    outer loop
      vertex 0 0 0
      vertex 9.609600000083447 59.39329999834299 0
      vertex 9.609600000083447 58.39305000156164 0
    endloop
  endfacet
  facet normal 0 0 -1
    outer loop
      vertex 13.613949999213219 37.56319999843836 0
      vertex 13.613949999213219 36.01704999953508 0
      vertex 9.609600000083447 37.56319999843836 0
    endloop
  endfacet
  facet normal 0 0 -1
    outer loop
      vertex 9.609600000083447 38.56345000267029 0
      vertex 9.609600000083447 40.652350002527236 0
      vertex 13.613949999213219 40.106150002777575 0
    endloop
  endfacet
  facet normal 0 0 -1
    outer loop
      vertex 13.613949999213219 38.56345000267029 0
      vertex 9.609600000083447 38.56345000267029 0
      vertex 13.613949999213219 40.106150002777575 0
    endloop
  endfacet
  facet normal 0 0 -1
    outer loop
      vertex 9.609600000083447 40.652350002527236 0
      vertex 14.387000001966953 40.652350002527236 0
      vertex 13.613949999213219 40.106150002777575 0
    endloop
  endfacet
  facet normal 0 0 -1
    outer loop
      vertex 9.59691122174263 47.317918369174 0
      vertex 9.63977550715208 47.13482550680637 0
      vertex 9.609600000083447 44.73470000326633 0
    endloop
  endfacet
  facet normal 0 0 -1
    outer loop
      vertex 9.93302346765995 46.4786479562521 0
      vertex 9.609600000083447 44.73470000326633 0
      vertex 9.841849997639656 46.63040000349283 0
    endloop
  endfacet
  facet normal 0 0 -1
    outer loop
      vertex 10.035058163106441 46.337277548015116 0
      vertex 10.14795408397913 46.20628877878189 0
      vertex 9.609600000083447 44.73470000326633 0
    endloop
  endfacet
  facet normal 0 0 -1
    outer loop
      vertex 10.14795408397913 46.20628877878189 0
      vertex 10.271711222827435 46.085681633651255 0
      vertex 9.609600000083447 44.73470000326633 0
    endloop
  endfacet
  facet normal 0 0 -1
    outer loop
      vertex 9.93302346765995 46.4786479562521 0
      vertex 10.035058163106441 46.337277548015116 0
      vertex 9.609600000083447 44.73470000326633 0
    endloop
  endfacet
  facet normal 0 0 -1
    outer loop
      vertex 9.762244895100594 46.79106632769108 0
      vertex 9.841849997639656 46.63040000349283 0
      vertex 9.609600000083447 44.73470000326633 0
    endloop
  endfacet
  facet normal 0 0 -1
    outer loop
      vertex 9.694886736571789 46.959208162128924 0
      vertex 9.762244895100594 46.79106632769108 0
      vertex 9.609600000083447 44.73470000326633 0
    endloop
  endfacet
  facet normal 0 0 -1
    outer loop
      vertex 9.63977550715208 47.13482550680637 0
      vertex 9.694886736571789 46.959208162128924 0
      vertex 9.609600000083447 44.73470000326633 0
    endloop
  endfacet
  facet normal 0 0 -1
    outer loop
      vertex 9.609600000083447 43.8463500007987 0
      vertex 12.427199997007847 43.8463500007987 0
      vertex 9.609600000083447 41.82554999887943 0
    endloop
  endfacet
  facet normal 0 0 -1
    outer loop
      vertex 9.609600000083447 41.82554999887943 0
      vertex 12.427199997007847 43.8463500007987 0
      vertex 12.52449081838131 43.8475948959589 0
    endloop
  endfacet
  facet normal 0 0 -1
    outer loop
      vertex 9.609600000083447 41.82554999887943 0
      vertex 12.52449081838131 43.8475948959589 0
      vertex 12.630363263189793 43.851329588890074 0
    endloop
  endfacet
  facet normal 0 0 -1
    outer loop
      vertex 9.609600000083447 41.82554999887943 0
      vertex 12.630363263189793 43.851329588890074 0
      vertex 12.744817346334457 43.85755407959223 0
    endloop
  endfacet
  facet normal 0 0 -1
    outer loop
      vertex 10.822066329419613 41.495883674919604 0
      vertex 10.67764999717474 41.479700000584124 0
      vertex 14.387000001966953 43.592050002515315 0
    endloop
  endfacet
  facet normal 0 0 -1
    outer loop
      vertex 10.962743878364563 41.50957755148411 0
      vertex 10.822066329419613 41.495883674919604 0
      vertex 14.387000001966953 43.592050002515315 0
    endloop
  endfacet
  facet normal 0 0 -1
    outer loop
      vertex 11.09968265146017 41.52078163027763 0
      vertex 10.962743878364563 41.50957755148411 0
      vertex 14.387000001966953 43.592050002515315 0
    endloop
  endfacet
  facet normal 0 0 -1
    outer loop
      vertex 11.232882656157017 41.52949591875076 0
      vertex 11.09968265146017 41.52078163027763 0
      vertex 14.387000001966953 43.592050002515315 0
    endloop
  endfacet
  facet normal 0 0 -1
    outer loop
      vertex 11.36234387755394 41.535720409452914 0
      vertex 11.232882656157017 41.52949591875076 0
      vertex 14.387000001966953 43.592050002515315 0
    endloop
  endfacet
  facet normal 0 0 -1
    outer loop
      vertex 11.48806632310152 41.53945510238409 0
      vertex 11.36234387755394 41.535720409452914 0
      vertex 14.387000001966953 43.592050002515315 0
    endloop
  endfacet
  facet normal 0 0 -1
    outer loop
      vertex 11.61005000025034 41.54069999754429 0
      vertex 11.48806632310152 41.53945510238409 0
      vertex 14.387000001966953 43.592050002515315 0
    endloop
  endfacet
  facet normal 0 0 -1
    outer loop
      vertex 9.609600000083447 41.82554999887943 0
      vertex 12.867853060364723 43.866268368065356 0
      vertex 12.99947040528059 43.87747244685888 0
    endloop
  endfacet
  facet normal 0 0 -1
    outer loop
      vertex 9.609600000083447 41.82554999887943 0
      vertex 12.744817346334457 43.85755407959223 0
      vertex 12.867853060364723 43.866268368065356 0
    endloop
  endfacet
  facet normal 0 0 -1
    outer loop
      vertex 9.609600000083447 41.82554999887943 0
      vertex 12.99947040528059 43.87747244685888 0
      vertex 13.139669388532639 43.891166323423384 0
    endloop
  endfacet
  facet normal 0 0 -1
    outer loop
      vertex 13.288450002670288 43.907349997758864 0
      vertex 9.609600000083447 41.82554999887943 0
      vertex 13.139669388532639 43.891166323423384 0
    endloop
  endfacet
  facet normal 0 0 -1
    outer loop
      vertex 10.271711222827435 46.085681633651255 0
      vertex 10.406329594552517 45.975456120073794 0
      vertex 9.609600000083447 44.73470000326633 0
    endloop
  endfacet
  facet normal 0 0 -1
    outer loop
      vertex 10.406329594552517 45.975456120073794 0
      vertex 10.551809184253216 45.875612245500086 0
      vertex 9.609600000083447 44.73470000326633 0
    endloop
  endfacet
  facet normal 0 0 -1
    outer loop
      vertex 10.551809184253216 45.875612245500086 0
      vertex 10.708149999380112 45.78615000247955 0
      vertex 9.609600000083447 44.73470000326633 0
    endloop
  endfacet
  facet normal 0 0 -1
    outer loop
      vertex 10.708149999380112 45.78615000247955 0
      vertex 10.87360306084156 45.70788469314575 0
      vertex 9.609600000083447 44.73470000326633 0
    endloop
  endfacet
  facet normal 0 0 -1
    outer loop
      vertex 9.609600000083447 44.73470000326633 0
      vertex 11.413970410823822 45.54533367007971 0
      vertex 11.608762241899967 45.51523163318634 0
    endloop
  endfacet
  facet normal 0 0 -1
    outer loop
      vertex 9.609600000083447 44.73470000326633 0
      vertex 10.87360306084156 45.70788469314575 0
      vertex 11.046390816569328 45.64166020750999 0
    endloop
  endfacet
  facet normal 0 0 -1
    outer loop
      vertex 9.609600000083447 44.73470000326633 0
      vertex 11.046390816569328 45.64166020750999 0
      vertex 11.226513266563416 45.58747653067112 0
    endloop
  endfacet
  facet normal 0 0 -1
    outer loop
      vertex 9.609600000083447 44.73470000326633 0
      vertex 11.226513266563416 45.58747653067112 0
      vertex 11.413970410823822 45.54533367007971 0
    endloop
  endfacet
  facet normal 0 0 -1
    outer loop
      vertex 9.609600000083447 44.73470000326633 0
      vertex 11.608762241899967 45.51523163318634 0
      vertex 11.810888774693012 45.497170405089854 0
    endloop
  endfacet
  facet normal 0 0 -1
    outer loop
      vertex 9.609600000083447 44.73470000326633 0
      vertex 11.810888774693012 45.497170405089854 0
      vertex 12.020350001752377 45.49115000069141 0
    endloop
  endfacet
  facet normal 0 0 -1
    outer loop
      vertex 9.609600000083447 44.73470000326633 0
      vertex 12.020350001752377 45.49115000069141 0
      vertex 12.334983676671982 45.50419388115406 0
    endloop
  endfacet
  facet normal 0 0 -1
    outer loop
      vertex 10.652253061532974 46.986605101823805 0
      vertex 10.553297959268093 47.10953469723463 0
      vertex 10.76919999718666 46.876199999451636 0
    endloop
  endfacet
  facet normal 0 0 -1
    outer loop
      vertex 10.76919999718666 46.876199999451636 0
      vertex 10.553297959268093 47.10953469723463 0
      vertex 10.902684696018696 46.77949591875076 0
    endloop
  endfacet
  facet normal 0 0 -1
    outer loop
      vertex 10.553297959268093 47.10953469723463 0
      vertex 11.0512530580163 46.69766938835382 0
      vertex 10.902684696018696 46.77949591875076 0
    endloop
  endfacet
  facet normal 0 0 -1
    outer loop
      vertex 10.472334690392017 47.24498877823353 0
      vertex 11.587460204958916 46.541455098986624 0
      vertex 10.553297959268093 47.10953469723463 0
    endloop
  endfacet
  facet normal 0 0 -1
    outer loop
      vertex 10.409363262355328 47.3929673448205 0
      vertex 11.587460204958916 46.541455098986624 0
      vertex 10.472334690392017 47.24498877823353 0
    endloop
  endfacet
  facet normal 0 0 -1
    outer loop
      vertex 10.364383675158024 47.553470404446124 0
      vertex 11.587460204958916 46.541455098986624 0
      vertex 10.409363262355328 47.3929673448205 0
    endloop
  endfacet
  facet normal 0 0 -1
    outer loop
      vertex 10.337395921349525 47.7264979571104 0
      vertex 11.587460204958916 46.541455098986624 0
      vertex 10.364383675158024 47.553470404446124 0
    endloop
  endfacet
  facet normal 0 0 -1
    outer loop
      vertex 10.328400000929832 47.91205000281334 0
      vertex 11.79636326432228 46.51913877725601 0
      vertex 10.337395921349525 47.7264979571104 0
    endloop
  endfacet
  facet normal 0 0 -1
    outer loop
      vertex 11.79636326432228 46.51913877725601 0
      vertex 10.328400000929832 47.91205000281334 0
      vertex 10.33763775229454 48.091508166491984 0
    endloop
  endfacet
  facet normal 0 0 -1
    outer loop
      vertex 11.79636326432228 46.51913877725601 0
      vertex 10.33763775229454 48.091508166491984 0
      vertex 10.365351021289825 48.25982550680637 0
    endloop
  endfacet
  facet normal 0 0 -1
    outer loop
      vertex 11.79636326432228 46.51913877725601 0
      vertex 10.365351021289825 48.25982550680637 0
      vertex 10.411539793014526 48.417002038657664 0
    endloop
  endfacet
  facet normal 0 0 -1
    outer loop
      vertex 11.79636326432228 46.51913877725601 0
      vertex 10.411539793014526 48.417002038657664 0
      vertex 10.476204082369804 48.56303775459528 0
    endloop
  endfacet
  facet normal 0 0 -1
    outer loop
      vertex 10.553297959268093 47.10953469723463 0
      vertex 11.3936408162117 46.578648978471755 0
      vertex 11.214905105531216 46.63072040826082 0
    endloop
  endfacet
  facet normal 0 0 -1
    outer loop
      vertex 10.553297959268093 47.10953469723463 0
      vertex 11.587460204958916 46.541455098986624 0
      vertex 11.3936408162117 46.578648978471755 0
    endloop
  endfacet
  facet normal 0 0 -1
    outer loop
      vertex 10.553297959268093 47.10953469723463 0
      vertex 11.214905105531216 46.63072040826082 0
      vertex 11.0512530580163 46.69766938835382 0
    endloop
  endfacet
  facet normal 0 0 -1
    outer loop
      vertex 10.337395921349525 47.7264979571104 0
      vertex 11.79636326432228 46.51913877725601 0
      vertex 11.587460204958916 46.541455098986624 0
    endloop
  endfacet
  facet normal 0 0 -1
    outer loop
      vertex 9.609600000083447 44.73470000326633 0
      vertex 12.334983676671982 45.50419388115406 0
      vertex 14.387000001966953 44.73470000326633 0
    endloop
  endfacet
  facet normal 0 0 -1
    outer loop
      vertex 14.387000001966953 44.73470000326633 0
      vertex 12.334983676671982 45.50419388115406 0
      vertex 12.629827551543713 45.54332550764084 0
    endloop
  endfacet
  facet normal 0 0 -1
    outer loop
      vertex 14.387000001966953 44.73470000326633 0
      vertex 12.629827551543713 45.54332550764084 0
      vertex 12.90488163381815 45.60854489505291 0
    endloop
  endfacet
  facet normal 0 0 -1
    outer loop
      vertex 11.79636326432228 46.51913877725601 0
      vertex 11.407425507903099 49.24013673663139 0
      vertex 12.020350001752377 46.51169999837875 0
    endloop
  endfacet
  facet normal 0 0 -1
    outer loop
      vertex 12.020350001752377 46.51169999837875 0
      vertex 11.802409186959267 49.30130408108234 0
      vertex 12.234405100345612 46.51917346715927 0
    endloop
  endfacet
  facet normal 0 0 -1
    outer loop
      vertex 12.234405100345612 46.51917346715927 0
      vertex 12.020350001752377 49.30895000100136 0
      vertex 12.43482755124569 46.5415938809514 0
    endloop
  endfacet
  facet normal 0 0 -1
    outer loop
      vertex 12.43482755124569 46.5415938809514 0
      vertex 12.236139796674252 49.30147755295038 0
      vertex 12.62161734700203 46.57896122485399 0
    endloop
  endfacet
  facet normal 0 0 -1
    outer loop
      vertex 12.62161734700203 46.57896122485399 0
      vertex 12.236139796674252 49.30147755295038 0
      vertex 12.794774487614632 46.631275513768195 0
    endloop
  endfacet
  facet normal 0 0 -1
    outer loop
      vertex 12.794774487614632 46.631275513768195 0
      vertex 12.236139796674252 49.30147755295038 0
      vertex 12.954298980534077 46.69853673279285 0
    endloop
  endfacet
  facet normal 0 0 -1
    outer loop
      vertex 12.954298980534077 46.69853673279285 0
      vertex 12.236139796674252 49.30147755295038 0
      vertex 13.100190818309784 46.78074489682913 0
    endloop
  endfacet
  facet normal 0 0 -1
    outer loop
      vertex 13.100190818309784 46.78074489682913 0
      vertex 12.236139796674252 49.30147755295038 0
      vertex 13.232450000941753 46.877899998426436 0
    endloop
  endfacet
  facet normal 0 0 -1
    outer loop
      vertex 13.232450000941753 46.877899998426436 0
      vertex 12.236139796674252 49.30147755295038 0
      vertex 13.348945915699005 46.98854795992374 0
    endloop
  endfacet
  facet normal 0 0 -1
    outer loop
      vertex 13.348945915699005 46.98854795992374 0
      vertex 12.236139796674252 49.30147755295038 0
      vertex 13.44751938432455 47.11123469620943 0
    endloop
  endfacet
  facet normal 0 0 -1
    outer loop
      vertex 13.44751938432455 47.11123469620943 0
      vertex 12.236139796674252 49.30147755295038 0
      vertex 13.52817040681839 47.245960207283495 0
    endloop
  endfacet
  facet normal 0 0 -1
    outer loop
      vertex 26.4 7.9 0
      vertex 9.609600000083447 37.56319999843836 0
      vertex 13.613949999213219 36.01704999953508 0
    endloop
  endfacet
  facet normal 0 0 -1
    outer loop
      vertex 26.4 7.9 0
      vertex 13.613949999213219 36.01704999953508 0
      vertex 14.387000001966953 36.01704999953508 0
    endloop
  endfacet
  facet normal 0 0 -1
    outer loop
      vertex 26.4 7.9 0
      vertex 14.387000001966953 36.01704999953508 0
      vertex 26.4 55.9 0
    endloop
  endfacet
  facet normal 0 0 -1
    outer loop
      vertex 14.387000001966953 40.652350002527236 0
      vertex 14.387000001966953 40.106150002777575 0
      vertex 13.613949999213219 40.106150002777575 0
    endloop
  endfacet
  facet normal 0 0 -1
    outer loop
      vertex 14.387000001966953 41.54069999754429 0
      vertex 11.61005000025034 41.54069999754429 0
      vertex 14.387000001966953 43.592050002515315 0
    endloop
  endfacet
  facet normal 0 0 -1
    outer loop
      vertex 14.387000001966953 44.73470000326633 0
      vertex 12.90488163381815 45.60854489505291 0
      vertex 13.160145916044712 45.69985204339027 0
    endloop
  endfacet
  facet normal 0 0 -1
    outer loop
      vertex 14.387000001966953 44.73470000326633 0
      vertex 13.160145916044712 45.69985204339027 0
      vertex 13.39562040567398 45.81724693775177 0
    endloop
  endfacet
  facet normal 0 0 -1
    outer loop
      vertex 14.387000001966953 44.73470000326633 0
      vertex 13.39562040567398 45.81724693775177 0
      vertex 13.611305102705956 45.96072959303856 0
    endloop
  endfacet
  facet normal 0 0 -1
    outer loop
      vertex 13.611305102705956 45.96072959303856 0
      vertex 13.807199999690056 46.13030000180006 0
      vertex 14.387000001966953 44.73470000326633 0
    endloop
  endfacet
  facet normal 0 0 -1
    outer loop
      vertex 13.807199999690056 46.13030000180006 0
      vertex 13.979914285242558 46.323037752509116 0
      vertex 14.387000001966953 44.73470000326633 0
    endloop
  endfacet
  facet normal 0 0 -1
    outer loop
      vertex 14.387000001966953 40.106150002777575 0
      vertex 26.4 55.9 0
      vertex 14.387000001966953 36.01704999953508 0
    endloop
  endfacet
  facet normal 0 0 -1
    outer loop
      vertex 14.387000001966953 40.652350002527236 0
      vertex 26.4 55.9 0
      vertex 14.387000001966953 40.106150002777575 0
    endloop
  endfacet
  facet normal 0 0 -1
    outer loop
      vertex 14.387000001966953 40.652350002527236 0
      vertex 14.387000001966953 41.54069999754429 0
      vertex 26.4 55.9 0
    endloop
  endfacet
  facet normal 0 0 -1
    outer loop
      vertex 14.387000001966953 41.54069999754429 0
      vertex 14.387000001966953 43.592050002515315 0
      vertex 26.4 55.9 0
    endloop
  endfacet
  facet normal 0 0 1
    outer loop
      vertex 0 0 2.4
      vertex 104.60000000000001 2.6999999999999997 2.4
      vertex 2.6999999999999997 2.6999999999999997 2.4
    endloop
  endfacet
  facet normal 0 0 -1
    outer loop
      vertex 0 0 0
      vertex 41.4 7.9 0
      vertex 44.4 7.9 0
    endloop
  endfacet
  facet normal 0 0 -1
    outer loop
      vertex 0 0 0
      vertex 44.4 7.9 0
      vertex 47.4 7.9 0
    endloop
  endfacet
  facet normal 0 0 -1
    outer loop
      vertex 0 0 0
      vertex 47.4 7.9 0
      vertex 50.4 7.9 0
    endloop
  endfacet
  facet normal 0 -1 0
    outer loop
      vertex 0 0 2.4
      vertex 0 0 0
      vertex 107.3 0 0
    endloop
  endfacet
  facet normal 0 0 -1
    outer loop
      vertex 0 0 0
      vertex 50.4 7.9 0
      vertex 53.4 7.9 0
    endloop
  endfacet
  facet normal 0 0 -1
    outer loop
      vertex 0 0 0
      vertex 53.4 7.9 0
      vertex 56.4 7.9 0
    endloop
  endfacet
  facet normal 0 0 -1
    outer loop
      vertex 0 0 0
      vertex 56.4 7.9 0
      vertex 59.4 7.9 0
    endloop
  endfacet
  facet normal 0 0 -1
    outer loop
      vertex 32.4 7.9 0
      vertex 29.4 7.9 0
      vertex 32.4 55.9 0
    endloop
  endfacet
  facet normal 0 0 -1
    outer loop
      vertex 38.4 7.9 0
      vertex 35.4 7.9 0
      vertex 38.4 55.9 0
    endloop
  endfacet
  facet normal 0 0 -1
    outer loop
      vertex 0 0 0
      vertex 59.4 7.9 0
      vertex 62.4 7.9 0
    endloop
  endfacet
  facet normal 0 0 -1
    outer loop
      vertex 44.4 7.9 0
      vertex 41.4 7.9 0
      vertex 44.4 55.9 0
    endloop
  endfacet
  facet normal 0 0 -1
    outer loop
      vertex 50.4 7.9 0
      vertex 47.4 7.9 0
      vertex 50.4 55.9 0
    endloop
  endfacet
  facet normal 0 0 -1
    outer loop
      vertex 32.4 55.9 0
      vertex 29.4 7.9 0
      vertex 29.4 55.9 0
    endloop
  endfacet
  facet normal 0 0 -1
    outer loop
      vertex 38.4 55.9 0
      vertex 35.4 7.9 0
      vertex 35.4 55.9 0
    endloop
  endfacet
  facet normal 0 0 -1
    outer loop
      vertex 41.4 7.9 0
      vertex 41.4 55.9 0
      vertex 44.4 55.9 0
    endloop
  endfacet
  facet normal 0 0 -1
    outer loop
      vertex 47.4 7.9 0
      vertex 47.4 55.9 0
      vertex 50.4 55.9 0
    endloop
  endfacet
  facet normal 0 0 1
    outer loop
      vertex 2.6999999999999997 2.6999999999999997 2.4
      vertex 2.6999999999999997 93.10000000000001 2.4
      vertex 0 95.8 2.4
    endloop
  endfacet
  facet normal 0 0 -1
    outer loop
      vertex 0 0 0
      vertex 0 95.8 0
      vertex 9.609600000083447 59.39329999834299 0
    endloop
  endfacet
  facet normal 0 0 -1
    outer loop
      vertex 9.663547962903976 48.78753571361303 0
      vertex 9.595910206437111 48.51556428670883 0
      vertex 9.609600000083447 50.74350000321865 0
    endloop
  endfacet
  facet normal 0 0 -1
    outer loop
      vertex 9.758240818977356 49.039650002121924 0
      vertex 9.663547962903976 48.78753571361303 0
      vertex 9.609600000083447 50.74350000321865 0
    endloop
  endfacet
  facet normal 0 0 -1
    outer loop
      vertex 9.87998877465725 49.271907144784926 0
      vertex 9.758240818977356 49.039650002121924 0
      vertex 9.609600000083447 50.74350000321865 0
    endloop
  endfacet
  facet normal 0 0 -1
    outer loop
      vertex 10.028791837394238 49.48430714160204 0
      vertex 9.87998877465725 49.271907144784926 0
      vertex 9.609600000083447 50.74350000321865 0
    endloop
  endfacet
  facet normal 0 0 -1
    outer loop
      vertex 10.20464999973774 49.67685000002384 0
      vertex 10.028791837394238 49.48430714160204 0
      vertex 9.609600000083447 50.74350000321865 0
    endloop
  endfacet
  facet normal 0 0 -1
    outer loop
      vertex 9.595910206437111 48.51556428670883 0
      vertex 9.609600000083447 51.86920000016689 0
      vertex 9.609600000083447 50.74350000321865 0
    endloop
  endfacet
  facet normal 0 0 -1
    outer loop
      vertex 9.55532754957676 48.22373571395874 0
      vertex 9.541799999773502 47.91205000281334 0
      vertex 9.609600000083447 58.39305000156164 0
    endloop
  endfacet
  facet normal 0 0 -1
    outer loop
      vertex 9.595910206437111 48.51556428670883 0
      vertex 9.609600000083447 54.15110000371933 0
      vertex 9.609600000083447 51.86920000016689 0
    endloop
  endfacet
  facet normal 0 0 -1
    outer loop
      vertex 9.595910206437111 48.51556428670883 0
      vertex 9.55532754957676 48.22373571395874 0
      vertex 9.609600000083447 58.39305000156164 0
    endloop
  endfacet
  facet normal 0 0 -1
    outer loop
      vertex 9.595910206437111 48.51556428670883 0
      vertex 9.609600000083447 55.15135000050068 0
      vertex 9.609600000083447 54.15110000371933 0
    endloop
  endfacet
  facet normal 0 0 -1
    outer loop
      vertex 11.79636326432228 46.51913877725601 0
      vertex 10.476204082369804 48.56303775459528 0
      vertex 10.559343874454498 48.697932654619215 0
    endloop
  endfacet
  facet normal 0 0 -1
    outer loop
      vertex 11.79636326432228 46.51913877725601 0
      vertex 10.559343874454498 48.697932654619215 0
      vertex 10.66095918416977 48.821686731278895 0
    endloop
  endfacet
  facet normal 0 0 -1
    outer loop
      vertex 11.79636326432228 46.51913877725601 0
      vertex 10.66095918416977 48.821686731278895 0
      vertex 10.781049996614456 48.93429999947548 0
    endloop
  endfacet
  facet normal 0 0 -1
    outer loop
      vertex 11.79636326432228 46.51913877725601 0
      vertex 10.781049996614456 48.93429999947548 0
      vertex 10.9171948954463 49.03369693607092 0
    endloop
  endfacet
  facet normal 0 0 -1
    outer loop
      vertex 11.79636326432228 46.51913877725601 0
      vertex 10.9171948954463 49.03369693607092 0
      vertex 11.066972449421883 49.11780204027891 0
    endloop
  endfacet
  facet normal 0 0 -1
    outer loop
      vertex 11.79636326432228 46.51913877725601 0
      vertex 11.066972449421883 49.11780204027891 0
      vertex 11.230382651090622 49.186615304648875 0
    endloop
  endfacet
  facet normal 0 0 -1
    outer loop
      vertex 11.79636326432228 46.51913877725601 0
      vertex 11.230382651090622 49.186615304648875 0
      vertex 11.407425507903099 49.24013673663139 0
    endloop
  endfacet
  facet normal 0 0 -1
    outer loop
      vertex 12.020350001752377 46.51169999837875 0
      vertex 11.407425507903099 49.24013673663139 0
      vertex 11.598101019859314 49.27836632877588 0
    endloop
  endfacet
  facet normal 0 0 -1
    outer loop
      vertex 10.404035717248917 49.84642040878534 0
      vertex 10.20464999973774 49.67685000002384 0
      vertex 9.609600000083447 50.74350000321865 0
    endloop
  endfacet
  facet normal 0 0 -1
    outer loop
      vertex 10.623421430587769 49.98990306407213 0
      vertex 10.404035717248917 49.84642040878534 0
      vertex 9.609600000083447 50.74350000321865 0
    endloop
  endfacet
  facet normal 0 0 -1
    outer loop
      vertex 10.862807139754295 50.10729795843363 0
      vertex 10.623421430587769 49.98990306407213 0
      vertex 9.609600000083447 50.74350000321865 0
    endloop
  endfacet
  facet normal 0 0 -1
    outer loop
      vertex 9.609600000083447 50.74350000321865 0
      vertex 11.122192859649658 50.19860509932041 0
      vertex 10.862807139754295 50.10729795843363 0
    endloop
  endfacet
  facet normal 0 0 -1
    outer loop
      vertex 9.609600000083447 50.74350000321865 0
      vertex 11.401578567922115 50.26382448673248 0
      vertex 11.122192859649658 50.19860509932041 0
    endloop
  endfacet
  facet normal 0 0 -1
    outer loop
      vertex 9.609600000083447 50.74350000321865 0
      vertex 12.962949998676777 50.98084999769926 0
      vertex 11.401578567922115 50.26382448673248 0
    endloop
  endfacet
  facet normal 0 0 -1
    outer loop
      vertex 12.020350001752377 46.51169999837875 0
      vertex 11.598101019859314 49.27836632877588 0
      vertex 11.802409186959267 49.30130408108234 0
    endloop
  endfacet
  facet normal 0 0 -1
    outer loop
      vertex 12.234405100345612 46.51917346715927 0
      vertex 11.802409186959267 49.30130408108234 0
      vertex 12.020350001752377 49.30895000100136 0
    endloop
  endfacet
  facet normal 0 0 -1
    outer loop
      vertex 12.43482755124569 46.5415938809514 0
      vertex 12.020350001752377 49.30895000100136 0
      vertex 12.236139796674252 49.30147755295038 0
    endloop
  endfacet
  facet normal 0 0 -1
    outer loop
      vertex 13.52817040681839 47.245960207283495 0
      vertex 12.236139796674252 49.30147755295038 0
      vertex 13.590898983180523 47.39272449314594 0
    endloop
  endfacet
  facet normal 0 0 -1
    outer loop
      vertex 13.590898983180523 47.39272449314594 0
      vertex 12.236139796674252 49.30147755295038 0
      vertex 13.635705098509789 47.55152755379677 0
    endloop
  endfacet
  facet normal 0 0 -1
    outer loop
      vertex 13.635705098509789 47.55152755379677 0
      vertex 12.236139796674252 49.30147755295038 0
      vertex 13.662588775157928 47.72236938923597 0
    endloop
  endfacet
  facet normal 0 0 -1
    outer loop
      vertex 13.662588775157928 47.72236938923597 0
      vertex 12.236139796674252 49.30147755295038 0
      vertex 13.671549998223782 47.90524999946356 0
    endloop
  endfacet
  facet normal 0 0 -1
    outer loop
      vertex 13.671549998223782 47.90524999946356 0
      vertex 12.625572450459003 49.241697961091994 0
      vertex 13.662658162415028 48.09083673506975 0
    endloop
  endfacet
  facet normal 0 0 -1
    outer loop
      vertex 12.79921530932188 49.18939081728458 0
      vertex 13.635982654988766 48.26396836489439 0
      vertex 13.662658162415028 48.09083673506975 0
    endloop
  endfacet
  facet normal 0 0 -1
    outer loop
      vertex 12.958809182047844 49.12213877737522 0
      vertex 13.591523468494415 48.42464489638805 0
      vertex 13.635982654988766 48.26396836489439 0
    endloop
  endfacet
  facet normal 0 0 -1
    outer loop
      vertex 13.671549998223782 47.90524999946356 0
      vertex 12.236139796674252 49.30147755295038 0
      vertex 12.437880612909794 49.27906020134687 0
    endloop
  endfacet
  facet normal 0 0 -1
    outer loop
      vertex 13.671549998223782 47.90524999946356 0
      vertex 12.437880612909794 49.27906020134687 0
      vertex 12.625572450459003 49.241697961091994 0
    endloop
  endfacet
  facet normal 0 0 -1
    outer loop
      vertex 12.79921530932188 49.18939081728458 0
      vertex 13.662658162415028 48.09083673506975 0
      vertex 12.625572450459003 49.241697961091994 0
    endloop
  endfacet
  facet normal 0 0 -1
    outer loop
      vertex 12.958809182047844 49.12213877737522 0
      vertex 13.635982654988766 48.26396836489439 0
      vertex 12.79921530932188 49.18939081728458 0
    endloop
  endfacet
  facet normal 0 0 -1
    outer loop
      vertex 13.104354083538055 49.039941833913325 0
      vertex 13.529280610382557 48.57286632955074 0
      vertex 13.591523468494415 48.42464489638805 0
    endloop
  endfacet
  facet normal 0 0 -1
    outer loop
      vertex 13.235849998891354 48.94280000180006 0
      vertex 13.44925408065319 48.708632649481295 0
      vertex 13.529280610382557 48.57286632955074 0
    endloop
  endfacet
  facet normal 0 0 -1
    outer loop
      vertex 13.235849998891354 48.94280000180006 0
      vertex 13.351443879306316 48.831943878531455 0
      vertex 13.44925408065319 48.708632649481295 0
    endloop
  endfacet
  facet normal 0 0 -1
    outer loop
      vertex 13.104354083538055 49.039941833913325 0
      vertex 13.591523468494415 48.42464489638805 0
      vertex 12.958809182047844 49.12213877737522 0
    endloop
  endfacet
  facet normal 0 0 -1
    outer loop
      vertex 13.235849998891354 48.94280000180006 0
      vertex 13.529280610382557 48.57286632955074 0
      vertex 13.104354083538055 49.039941833913325 0
    endloop
  endfacet
  facet normal 0 0 -1
    outer loop
      vertex 11.401578567922115 50.26382448673248 0
      vertex 12.962949998676777 50.98084999769926 0
      vertex 13.153067350387573 50.990330615639685 0
    endloop
  endfacet
  facet normal 0 0 -1
    outer loop
      vertex 11.401578567922115 50.26382448673248 0
      vertex 13.153067350387573 50.990330615639685 0
      vertex 13.330105103552341 51.01877244710922 0
    endloop
  endfacet
  facet normal 0 0 -1
    outer loop
      vertex 11.401578567922115 50.26382448673248 0
      vertex 13.330105103552341 51.01877244710922 0
      vertex 13.494063265621662 51.06617550700903 0
    endloop
  endfacet
  facet normal 0 0 -1
    outer loop
      vertex 9.609600000083447 50.74350000321865 0
      vertex 12.096600003540516 51.2656999990344 0
      vertex 12.203545920550823 51.19012755304575 0
    endloop
  endfacet
  facet normal 0 0 -1
    outer loop
      vertex 9.609600000083447 50.74350000321865 0
      vertex 11.82997652888298 51.54655816555023 0
      vertex 11.908681631088257 51.44477346688509 0
    endloop
  endfacet
  facet normal 0 0 -1
    outer loop
      vertex 9.609600000083447 50.74350000321865 0
      vertex 11.908681631088257 51.44477346688509 0
      vertex 11.997556120157242 51.35115408301353 0
    endloop
  endfacet
  facet normal 0 0 -1
    outer loop
      vertex 9.609600000083447 50.74350000321865 0
      vertex 11.997556120157242 51.35115408301353 0
      vertex 12.096600003540516 51.2656999990344 0
    endloop
  endfacet
  facet normal 0 0 -1
    outer loop
      vertex 9.609600000083447 50.74350000321865 0
      vertex 11.761440813541412 51.6565081641078 0
      vertex 11.82997652888298 51.54655816555023 0
    endloop
  endfacet
  facet normal 0 0 -1
    outer loop
      vertex 9.609600000083447 50.74350000321865 0
      vertex 11.703074492514133 51.77462347000837 0
      vertex 11.761440813541412 51.6565081641078 0
    endloop
  endfacet
  facet normal 0 0 -1
    outer loop
      vertex 9.609600000083447 50.74350000321865 0
      vertex 11.654877550899982 51.90090408325195 0
      vertex 11.703074492514133 51.77462347000837 0
    endloop
  endfacet
  facet normal 0 0 -1
    outer loop
      vertex 9.609600000083447 50.74350000321865 0
      vertex 11.61685000360012 52.03534999638796 0
      vertex 11.654877550899982 51.90090408325195 0
    endloop
  endfacet
  facet normal 0 0 -1
    outer loop
      vertex 9.609600000083447 50.74350000321865 0
      vertex 12.203545920550823 51.19012755304575 0
      vertex 12.31609795987606 51.126181633770464 0
    endloop
  endfacet
  facet normal 0 0 -1
    outer loop
      vertex 9.609600000083447 50.74350000321865 0
      vertex 12.31609795987606 51.126181633770464 0
      vertex 12.434256121516228 51.07386224120855 0
    endloop
  endfacet
  facet normal 0 0 -1
    outer loop
      vertex 9.609600000083447 50.74350000321865 0
      vertex 12.434256121516228 51.07386224120855 0
      vertex 12.558020405471325 51.03316939026117 0
    endloop
  endfacet
  facet normal 0 0 -1
    outer loop
      vertex 9.609600000083447 50.74350000321865 0
      vertex 12.558020405471325 51.03316939026117 0
      vertex 12.687390819191933 51.00410305857658 0
    endloop
  endfacet
  facet normal 0 0 -1
    outer loop
      vertex 9.609600000083447 50.74350000321865 0
      vertex 12.687390819191933 51.00410305857658 0
      vertex 12.82236734777689 50.986663268506526 0
    endloop
  endfacet
  facet normal 0 0 -1
    outer loop
      vertex 9.609600000083447 51.86920000016689 0
      vertex 9.609600000083447 54.15110000371933 0
      vertex 11.423600003123283 52.97795000076294 0
    endloop
  endfacet
  facet normal 0 0 -1
    outer loop
      vertex 9.609600000083447 54.15110000371933 0
      vertex 11.423600003123283 54.15110000371933 0
      vertex 11.423600003123283 52.97795000076294 0
    endloop
  endfacet
  facet normal 0 0 -1
    outer loop
      vertex 9.609600000083447 50.74350000321865 0
      vertex 12.82236734777689 50.986663268506526 0
      vertex 12.962949998676777 50.98084999769926 0
    endloop
  endfacet
  facet normal 0 0 -1
    outer loop
      vertex 12.339531630277634 52.271051020920275 0
      vertex 13.59650306403637 52.63556938767433 0
      vertex 12.389899998903275 52.2048999980092 0
    endloop
  endfacet
  facet normal 0 0 -1
    outer loop
      vertex 12.447270408272743 52.14732857197523 0
      vertex 13.59650306403637 52.63556938767433 0
      vertex 12.510867349803448 52.09861428439617 0
    endloop
  endfacet
  facet normal 0 0 -1
    outer loop
      vertex 12.389899998903275 52.2048999980092 0
      vertex 13.59650306403637 52.63556938767433 0
      vertex 12.447270408272743 52.14732857197523 0
    endloop
  endfacet
  facet normal 0 0 -1
    outer loop
      vertex 12.510867349803448 52.09861428439617 0
      vertex 13.59650306403637 52.63556938767433 0
      vertex 12.580690816044807 52.058757142722605 0
    endloop
  endfacet
  facet normal 0 0 -1
    outer loop
      vertex 12.580690816044807 52.058757142722605 0
      vertex 13.59650306403637 52.63556938767433 0
      vertex 12.656740814447403 52.027757139503954 0
    endloop
  endfacet
  facet normal 0 0 -1
    outer loop
      vertex 12.656740814447403 52.027757139503954 0
      vertex 13.59650306403637 52.63556938767433 0
      vertex 12.739017345011234 52.0056142821908 0
    endloop
  endfacet
  facet normal 0 0 -1
    outer loop
      vertex 12.739017345011234 52.0056142821908 0
      vertex 13.59650306403637 52.63556938767433 0
      vertex 12.827520407736301 51.99232857078314 0
    endloop
  endfacet
  facet normal 0 0 -1
    outer loop
      vertex 12.827520407736301 51.99232857078314 0
      vertex 13.59650306403637 52.63556938767433 0
      vertex 12.922250002622604 51.98789999783039 0
    endloop
  endfacet
  facet normal 0 0 -1
    outer loop
      vertex 13.104860201478004 52.005890817940234 0
      vertex 13.554362244904041 52.43767041116953 0
      vertex 13.259376533329487 52.059863263368605 0
    endloop
  endfacet
  facet normal 0 0 -1
    outer loop
      vertex 13.484127551317215 52.27575305998325 0
      vertex 13.38579898327589 52.149817349016665 0
      vertex 13.259376533329487 52.059863263368605 0
    endloop
  endfacet
  facet normal 0 0 -1
    outer loop
      vertex 12.922250002622604 51.98789999783039 0
      vertex 13.59650306403637 52.63556938767433 0
      vertex 13.104860201478004 52.005890817940234 0
    endloop
  endfacet
  facet normal 0 0 -1
    outer loop
      vertex 12.262041836977005 52.4282591804862 0
      vertex 13.59650306403637 52.63556938767433 0
      vertex 12.296912245452404 52.34550408422947 0
    endloop
  endfacet
  facet normal 0 0 -1
    outer loop
      vertex 12.296912245452404 52.34550408422947 0
      vertex 13.59650306403637 52.63556938767433 0
      vertex 12.339531630277634 52.271051020920275 0
    endloop
  endfacet
  facet normal 0 0 -1
    outer loop
      vertex 12.234920404851437 52.519316324591635 0
      vertex 13.59650306403637 52.63556938767433 0
      vertex 12.262041836977005 52.4282591804862 0
    endloop
  endfacet
  facet normal 0 0 -1
    outer loop
      vertex 12.203924492001534 52.72633673399687 0
      vertex 13.610550001263618 52.86944999694824 0
      vertex 12.21554795652628 52.61867550909519 0
    endloop
  endfacet
  facet normal 0 0 -1
    outer loop
      vertex 12.21554795652628 52.61867550909519 0
      vertex 13.59650306403637 52.63556938767433 0
      vertex 12.234920404851437 52.519316324591635 0
    endloop
  endfacet
  facet normal 0 0 -1
    outer loop
      vertex 12.200049996376038 52.842299999296664 0
      vertex 13.610550001263618 52.86944999694824 0
      vertex 12.203924492001534 52.72633673399687 0
    endloop
  endfacet
  facet normal 0 0 -1
    outer loop
      vertex 12.21554795652628 52.61867550909519 0
      vertex 13.610550001263618 52.86944999694824 0
      vertex 13.59650306403637 52.63556938767433 0
    endloop
  endfacet
  facet normal 0 0 -1
    outer loop
      vertex 12.200049996376038 52.842299999296664 0
      vertex 12.200049996376038 54.15110000371933 0
      vertex 13.610550001263618 54.15110000371933 0
    endloop
  endfacet
  facet normal 0 0 -1
    outer loop
      vertex 12.200049996376038 52.842299999296664 0
      vertex 13.610550001263618 54.15110000371933 0
      vertex 13.610550001263618 52.86944999694824 0
    endloop
  endfacet
  facet normal 0 0 -1
    outer loop
      vertex 9.595910206437111 48.51556428670883 0
      vertex 9.609600000083447 58.39305000156164 0
      vertex 9.609600000083447 55.15135000050068 0
    endloop
  endfacet
  facet normal 0 0 -1
    outer loop
      vertex 9.609600000083447 55.15135000050068 0
      vertex 9.609600000083447 58.39305000156164 0
      vertex 11.362549997866154 55.94839999973774 0
    endloop
  endfacet
  facet normal 0 0 -1
    outer loop
      vertex 11.362549997866154 55.94839999973774 0
      vertex 12.135600000619888 55.94839999973774 0
      vertex 9.609600000083447 55.15135000050068 0
    endloop
  endfacet
  facet normal 0 0 -1
    outer loop
      vertex 9.609600000083447 55.15135000050068 0
      vertex 12.135600000619888 55.94839999973774 0
      vertex 14.387000001966953 55.15135000050068 0
    endloop
  endfacet
  facet normal 0 0 -1
    outer loop
      vertex 12.135600000619888 55.94839999973774 0
      vertex 13.613949999213219 55.87039999812841 0
      vertex 14.387000001966953 55.15135000050068 0
    endloop
  endfacet
  facet normal 0 0 -1
    outer loop
      vertex 12.135600000619888 55.94839999973774 0
      vertex 13.613949999213219 58.39305000156164 0
      vertex 13.613949999213219 55.87039999812841 0
    endloop
  endfacet
  facet normal 0 0 -1
    outer loop
      vertex 9.609600000083447 58.39305000156164 0
      vertex 11.362549997866154 58.39305000156164 0
      vertex 11.362549997866154 55.94839999973774 0
    endloop
  endfacet
  facet normal 0 0 -1
    outer loop
      vertex 12.135600000619888 55.94839999973774 0
      vertex 12.135600000619888 58.39305000156164 0
      vertex 13.613949999213219 58.39305000156164 0
    endloop
  endfacet
  facet normal -1 0 0
    outer loop
      vertex 0 0 2.4
      vertex 0 95.8 2.4
      vertex 0 95.8 0
    endloop
  endfacet
  facet normal 0 0 -1
    outer loop
      vertex 0 95.8 0
      vertex 14.387000001966953 59.39329999834299 0
      vertex 9.609600000083447 59.39329999834299 0
    endloop
  endfacet
  facet normal 0 0 -1
    outer loop
      vertex 13.484127551317215 52.27575305998325 0
      vertex 13.259376533329487 52.059863263368605 0
      vertex 13.554362244904041 52.43767041116953 0
    endloop
  endfacet
  facet normal 0 0 -1
    outer loop
      vertex 13.554362244904041 52.43767041116953 0
      vertex 13.104860201478004 52.005890817940234 0
      vertex 13.59650306403637 52.63556938767433 0
    endloop
  endfacet
  facet normal 0 0 -1
    outer loop
      vertex 11.700964286923409 50.30295612066984 0
      vertex 11.401578567922115 50.26382448673248 0
      vertex 26.4 55.9 0
    endloop
  endfacet
  facet normal 0 0 -1
    outer loop
      vertex 12.020350001752377 50.31600000113249 0
      vertex 11.700964286923409 50.30295612066984 0
      vertex 26.4 55.9 0
    endloop
  endfacet
  facet normal 0 0 -1
    outer loop
      vertex 14.387000001966953 43.592050002515315 0
      vertex 14.387000001966953 44.73470000326633 0
      vertex 26.4 55.9 0
    endloop
  endfacet
  facet normal 0 0 -1
    outer loop
      vertex 14.387000001966953 44.73470000326633 0
      vertex 13.979914285242558 46.323037752509116 0
      vertex 26.4 55.9 0
    endloop
  endfacet
  facet normal 0 0 -1
    outer loop
      vertex 13.979914285242558 46.323037752509116 0
      vertex 14.126057140529156 46.53605102151632 0
      vertex 26.4 55.9 0
    endloop
  endfacet
  facet normal 0 0 -1
    outer loop
      vertex 14.126057140529156 46.53605102151632 0
      vertex 14.245628573000431 46.769339793920516 0
      vertex 26.4 55.9 0
    endloop
  endfacet
  facet normal 0 0 -1
    outer loop
      vertex 14.245628573000431 46.769339793920516 0
      vertex 14.338628567755222 47.02290408462286 0
      vertex 26.4 55.9 0
    endloop
  endfacet
  facet normal 0 0 -1
    outer loop
      vertex 14.338628567755222 47.02290408462286 0
      vertex 14.40505713969469 47.29674387872219 0
      vertex 26.4 55.9 0
    endloop
  endfacet
  facet normal 0 0 -1
    outer loop
      vertex 14.40505713969469 47.29674387872219 0
      vertex 14.444914288818836 47.59085918366909 0
      vertex 26.4 55.9 0
    endloop
  endfacet
  facet normal 0 0 -1
    outer loop
      vertex 14.458200000226498 47.90524999946356 0
      vertex 26.4 55.9 0
      vertex 14.444914288818836 47.59085918366909 0
    endloop
  endfacet
  facet normal 0 0 -1
    outer loop
      vertex 14.458200000226498 47.90524999946356 0
      vertex 14.445052042603493 48.21960714608431 0
      vertex 26.4 55.9 0
    endloop
  endfacet
  facet normal 0 0 -1
    outer loop
      vertex 14.445052042603493 48.21960714608431 0
      vertex 14.405608162283897 48.51362142860889 0
      vertex 26.4 55.9 0
    endloop
  endfacet
  facet normal 0 0 -1
    outer loop
      vertex 12.338439792394638 50.30299081802368 0
      vertex 12.020350001752377 50.31600000113249 0
      vertex 26.4 55.9 0
    endloop
  endfacet
  facet normal 0 0 -1
    outer loop
      vertex 12.6359091848135 50.26396326869726 0
      vertex 12.338439792394638 50.30299081802368 0
      vertex 26.4 55.9 0
    endloop
  endfacet
  facet normal 0 0 -1
    outer loop
      vertex 12.9127581641078 50.19891734570265 0
      vertex 12.6359091848135 50.26396326869726 0
      vertex 26.4 55.9 0
    endloop
  endfacet
  facet normal 0 0 -1
    outer loop
      vertex 13.168986737728119 50.107853063941 0
      vertex 12.9127581641078 50.19891734570265 0
      vertex 26.4 55.9 0
    endloop
  endfacet
  facet normal 0 0 -1
    outer loop
      vertex 14.405608162283897 48.51362142860889 0
      vertex 14.339868366718292 48.787292854487895 0
      vertex 26.4 55.9 0
    endloop
  endfacet
  facet normal 0 0 -1
    outer loop
      vertex 14.339868366718292 48.787292854487895 0
      vertex 14.247832655906677 49.04062143117189 0
      vertex 26.4 55.9 0
    endloop
  endfacet
  facet normal 0 0 -1
    outer loop
      vertex 14.129501022398472 49.273607143759726 0
      vertex 13.984873466193676 49.486249999701975 0
      vertex 26.4 55.9 0
    endloop
  endfacet
  facet normal 0 0 -1
    outer loop
      vertex 14.247832655906677 49.04062143117189 0
      vertex 14.129501022398472 49.273607143759726 0
      vertex 26.4 55.9 0
    endloop
  endfacet
  facet normal 0 0 -1
    outer loop
      vertex 13.404594898223877 49.99077040851116 0
      vertex 13.168986737728119 50.107853063941 0
      vertex 26.4 55.9 0
    endloop
  endfacet
  facet normal 0 0 -1
    outer loop
      vertex 13.619582653045654 49.84766938686371 0
      vertex 13.404594898223877 49.99077040851116 0
      vertex 26.4 55.9 0
    endloop
  endfacet
  facet normal 0 0 -1
    outer loop
      vertex 13.813950002193451 49.67854999899864 0
      vertex 13.619582653045654 49.84766938686371 0
      vertex 26.4 55.9 0
    endloop
  endfacet
  facet normal 0 0 -1
    outer loop
      vertex 13.813950002193451 49.67854999899864 0
      vertex 26.4 55.9 0
      vertex 13.984873466193676 49.486249999701975 0
    endloop
  endfacet
  facet normal 0 0 -1
    outer loop
      vertex 11.401578567922115 50.26382448673248 0
      vertex 13.494063265621662 51.06617550700903 0
      vertex 26.4 55.9 0
    endloop
  endfacet
  facet normal 0 0 -1
    outer loop
      vertex 13.494063265621662 51.06617550700903 0
      vertex 13.644941836595535 51.132539795339106 0
      vertex 26.4 55.9 0
    endloop
  endfacet
  facet normal 0 0 -1
    outer loop
      vertex 13.644941836595535 51.132539795339106 0
      vertex 13.78274081647396 51.217865304648875 0
      vertex 26.4 55.9 0
    endloop
  endfacet
  facet normal 0 0 -1
    outer loop
      vertex 13.78274081647396 51.217865304648875 0
      vertex 13.907460205256939 51.322152042388915 0
      vertex 26.4 55.9 0
    endloop
  endfacet
  facet normal 0 0 -1
    outer loop
      vertex 13.907460205256939 51.322152042388915 0
      vertex 14.01910000294447 51.445400001108645 0
      vertex 26.4 55.9 0
    endloop
  endfacet
  facet normal 0 0 -1
    outer loop
      vertex 14.01910000294447 51.445400001108645 0
      vertex 14.116706125438213 51.586072446405886 0
      vertex 26.4 55.9 0
    endloop
  endfacet
  facet normal 0 0 -1
    outer loop
      vertex 14.116706125438213 51.586072446405886 0
      vertex 14.199295915663242 51.74266122430563 0
      vertex 26.4 55.9 0
    endloop
  endfacet
  facet normal 0 0 -1
    outer loop
      vertex 14.199295915663242 51.74266122430563 0
      vertex 14.266869388520718 51.91516632735729 0
      vertex 26.4 55.9 0
    endloop
  endfacet
  facet normal 0 0 -1
    outer loop
      vertex 14.266869388520718 51.91516632735729 0
      vertex 14.319426529109478 52.10358775556087 0
      vertex 26.4 55.9 0
    endloop
  endfacet
  facet normal 0 0 -1
    outer loop
      vertex 14.319426529109478 52.10358775556087 0
      vertex 14.356967344880104 52.30792550891638 0
      vertex 26.4 55.9 0
    endloop
  endfacet
  facet normal 0 0 -1
    outer loop
      vertex 14.356967344880104 52.30792550891638 0
      vertex 14.379491835832596 52.52817959487438 0
      vertex 26.4 55.9 0
    endloop
  endfacet
  facet normal 0 0 -1
    outer loop
      vertex 14.379491835832596 52.52817959487438 0
      vertex 14.387000001966953 52.764349998533724 0
      vertex 26.4 55.9 0
    endloop
  endfacet
  facet normal 0 0 -1
    outer loop
      vertex 14.387000001966953 55.15135000050068 0
      vertex 13.613949999213219 55.87039999812841 0
      vertex 14.387000001966953 55.87039999812841 0
    endloop
  endfacet
  facet normal 0 0 -1
    outer loop
      vertex 14.387000001966953 52.764349998533724 0
      vertex 14.387000001966953 55.15135000050068 0
      vertex 26.4 55.9 0
    endloop
  endfacet
  facet normal 0 0 -1
    outer loop
      vertex 14.387000001966953 55.15135000050068 0
      vertex 14.387000001966953 55.87039999812841 0
      vertex 26.4 55.9 0
    endloop
  endfacet
  facet normal 0 0 -1
    outer loop
      vertex 14.387000001966953 59.39329999834299 0
      vertex 26.4 55.9 0
      vertex 14.387000001966953 55.87039999812841 0
    endloop
  endfacet
  facet normal 0 0 -1
    outer loop
      vertex 14.387000001966953 59.39329999834299 0
      vertex 29.4 55.9 0
      vertex 26.4 55.9 0
    endloop
  endfacet
  facet normal 0 0 -1
    outer loop
      vertex 29.4 55.9 0
      vertex 14.387000001966953 59.39329999834299 0
      vertex 32.4 55.9 0
    endloop
  endfacet
  facet normal 0 0 -1
    outer loop
      vertex 0 95.8 0
      vertex 47.4 55.9 0
      vertex 14.387000001966953 59.39329999834299 0
    endloop
  endfacet
  facet normal 0 0 -1
    outer loop
      vertex 14.387000001966953 59.39329999834299 0
      vertex 35.4 55.9 0
      vertex 32.4 55.9 0
    endloop
  endfacet
  facet normal 0 0 -1
    outer loop
      vertex 35.4 55.9 0
      vertex 14.387000001966953 59.39329999834299 0
      vertex 38.4 55.9 0
    endloop
  endfacet
  facet normal 0 0 -1
    outer loop
      vertex 14.387000001966953 59.39329999834299 0
      vertex 41.4 55.9 0
      vertex 38.4 55.9 0
    endloop
  endfacet
  facet normal 0 0 -1
    outer loop
      vertex 41.4 55.9 0
      vertex 14.387000001966953 59.39329999834299 0
      vertex 44.4 55.9 0
    endloop
  endfacet
  facet normal 0 0 -1
    outer loop
      vertex 47.4 55.9 0
      vertex 44.4 55.9 0
      vertex 14.387000001966953 59.39329999834299 0
    endloop
  endfacet
  facet normal 0 0 1
    outer loop
      vertex 0 95.8 2.4
      vertex 2.6999999999999997 93.10000000000001 2.4
      vertex 107.3 95.8 2.4
    endloop
  endfacet
  facet normal 0 1 0
    outer loop
      vertex 0 95.8 2.4
      vertex 107.3 95.8 2.4
      vertex 0 95.8 0
    endloop
  endfacet
  facet normal 0 0 -1
    outer loop
      vertex 0 95.8 0
      vertex 107.3 95.8 0
      vertex 47.4 55.9 0
    endloop
  endfacet
  facet normal 0 0 1
    outer loop
      vertex 0 0 2.4
      vertex 107.3 0 2.4
      vertex 104.60000000000001 2.6999999999999997 2.4
    endloop
  endfacet
  facet normal 0 0 -1
    outer loop
      vertex 0 0 0
      vertex 62.4 7.9 0
      vertex 107.3 0 0
    endloop
  endfacet
  facet normal 0 0 -1
    outer loop
      vertex 53.4 7.9 0
      vertex 56.4 55.9 0
      vertex 56.4 7.9 0
    endloop
  endfacet
  facet normal 0 0 -1
    outer loop
      vertex 62.4 55.9 0
      vertex 62.4 7.9 0
      vertex 59.4 7.9 0
    endloop
  endfacet
  facet normal 0 -1 0
    outer loop
      vertex 0 0 2.4
      vertex 107.3 0 0
      vertex 107.3 0 2.4
    endloop
  endfacet
  facet normal 0 0 -1
    outer loop
      vertex 107.3 0 0
      vertex 62.4 7.9 0
      vertex 65.4 7.9 0
    endloop
  endfacet
  facet normal 0 0 -1
    outer loop
      vertex 107.3 0 0
      vertex 65.4 7.9 0
      vertex 68.4 7.9 0
    endloop
  endfacet
  facet normal 0 0 -1
    outer loop
      vertex 68.4 55.9 0
      vertex 68.4 7.9 0
      vertex 65.4 7.9 0
    endloop
  endfacet
  facet normal 0 0 -1
    outer loop
      vertex 74.4 55.9 0
      vertex 74.4 7.9 0
      vertex 71.4 7.9 0
    endloop
  endfacet
  facet normal 0 0 -1
    outer loop
      vertex 80.4 55.9 0
      vertex 80.4 7.9 0
      vertex 77.4 7.9 0
    endloop
  endfacet
  facet normal 0 0 -1
    outer loop
      vertex 53.4 7.9 0
      vertex 53.4 55.9 0
      vertex 56.4 55.9 0
    endloop
  endfacet
  facet normal 0 0 -1
    outer loop
      vertex 59.4 7.9 0
      vertex 59.4 55.9 0
      vertex 62.4 55.9 0
    endloop
  endfacet
  facet normal 0 0 -1
    outer loop
      vertex 65.4 7.9 0
      vertex 65.4 55.9 0
      vertex 68.4 55.9 0
    endloop
  endfacet
  facet normal 0 0 -1
    outer loop
      vertex 71.4 7.9 0
      vertex 71.4 55.9 0
      vertex 74.4 55.9 0
    endloop
  endfacet
  facet normal 0 0 -1
    outer loop
      vertex 77.4 7.9 0
      vertex 77.4 55.9 0
      vertex 80.4 55.9 0
    endloop
  endfacet
  facet normal 0 0 -1
    outer loop
      vertex 107.3 0 0
      vertex 68.4 7.9 0
      vertex 71.4 7.9 0
    endloop
  endfacet
  facet normal 0 0 -1
    outer loop
      vertex 107.3 0 0
      vertex 71.4 7.9 0
      vertex 74.4 7.9 0
    endloop
  endfacet
  facet normal 0 0 -1
    outer loop
      vertex 107.3 0 0
      vertex 74.4 7.9 0
      vertex 77.4 7.9 0
    endloop
  endfacet
  facet normal 0 0 -1
    outer loop
      vertex 107.3 0 0
      vertex 77.4 7.9 0
      vertex 80.4 7.9 0
    endloop
  endfacet
  facet normal 0 0 -1
    outer loop
      vertex 107.3 0 0
      vertex 80.4 7.9 0
      vertex 83.4 7.9 0
    endloop
  endfacet
  facet normal 0 0 -1
    outer loop
      vertex 107.3 0 0
      vertex 83.4 7.9 0
      vertex 86.4 7.9 0
    endloop
  endfacet
  facet normal 0 0 -1
    outer loop
      vertex 86.4 55.9 0
      vertex 86.4 7.9 0
      vertex 83.4 7.9 0
    endloop
  endfacet
  facet normal 0 0 -1
    outer loop
      vertex 92.4 55.9 0
      vertex 92.4 7.9 0
      vertex 89.4 7.9 0
    endloop
  endfacet
  facet normal 0 0 -1
    outer loop
      vertex 107.3 0 0
      vertex 86.4 7.9 0
      vertex 89.4 7.9 0
    endloop
  endfacet
  facet normal 0 0 -1
    outer loop
      vertex 107.3 0 0
      vertex 89.4 7.9 0
      vertex 92.4 7.9 0
    endloop
  endfacet
  facet normal 0 0 -1
    outer loop
      vertex 107.3 0 0
      vertex 92.4 7.9 0
      vertex 95.4 7.9 0
    endloop
  endfacet
  facet normal 0 0 -1
    outer loop
      vertex 107.3 0 0
      vertex 95.4 7.9 0
      vertex 95.4 55.9 0
    endloop
  endfacet
  facet normal 0 0 1
    outer loop
      vertex 104.60000000000001 2.6999999999999997 2.4
      vertex 107.3 0 2.4
      vertex 107.3 95.8 2.4
    endloop
  endfacet
  facet normal 0 0 -1
    outer loop
      vertex 86.4 55.9 0
      vertex 83.4 7.9 0
      vertex 83.4 55.9 0
    endloop
  endfacet
  facet normal 0 0 -1
    outer loop
      vertex 89.4 7.9 0
      vertex 89.4 55.9 0
      vertex 92.4 55.9 0
    endloop
  endfacet
  facet normal 1 0 0
    outer loop
      vertex 107.3 0 2.4
      vertex 107.3 0 0
      vertex 107.3 95.8 2.4
    endloop
  endfacet
  facet normal 0 0 -1
    outer loop
      vertex 107.3 95.8 0
      vertex 50.4 55.9 0
      vertex 47.4 55.9 0
    endloop
  endfacet
  facet normal 0 0 -1
    outer loop
      vertex 107.3 95.8 0
      vertex 53.4 55.9 0
      vertex 50.4 55.9 0
    endloop
  endfacet
  facet normal 0 0 -1
    outer loop
      vertex 107.3 95.8 0
      vertex 56.4 55.9 0
      vertex 53.4 55.9 0
    endloop
  endfacet
  facet normal 0 0 -1
    outer loop
      vertex 107.3 95.8 0
      vertex 59.4 55.9 0
      vertex 56.4 55.9 0
    endloop
  endfacet
  facet normal 0 0 -1
    outer loop
      vertex 107.3 95.8 0
      vertex 62.4 55.9 0
      vertex 59.4 55.9 0
    endloop
  endfacet
  facet normal 0 0 -1
    outer loop
      vertex 107.3 95.8 0
      vertex 65.4 55.9 0
      vertex 62.4 55.9 0
    endloop
  endfacet
  facet normal 0 0 -1
    outer loop
      vertex 107.3 95.8 0
      vertex 68.4 55.9 0
      vertex 65.4 55.9 0
    endloop
  endfacet
  facet normal 0 0 1
    outer loop
      vertex 2.6999999999999997 93.10000000000001 2.4
      vertex 104.60000000000001 93.10000000000001 2.4
      vertex 107.3 95.8 2.4
    endloop
  endfacet
  facet normal 0 1 0
    outer loop
      vertex 0 95.8 0
      vertex 107.3 95.8 2.4
      vertex 107.3 95.8 0
    endloop
  endfacet
  facet normal 0 0 1
    outer loop
      vertex 104.60000000000001 2.6999999999999997 2.4
      vertex 107.3 95.8 2.4
      vertex 104.60000000000001 93.10000000000001 2.4
    endloop
  endfacet
  facet normal 0 0 -1
    outer loop
      vertex 107.3 95.8 0
      vertex 71.4 55.9 0
      vertex 68.4 55.9 0
    endloop
  endfacet
  facet normal 0 0 -1
    outer loop
      vertex 107.3 95.8 0
      vertex 74.4 55.9 0
      vertex 71.4 55.9 0
    endloop
  endfacet
  facet normal 0 0 -1
    outer loop
      vertex 107.3 95.8 0
      vertex 77.4 55.9 0
      vertex 74.4 55.9 0
    endloop
  endfacet
  facet normal 0 0 -1
    outer loop
      vertex 107.3 95.8 0
      vertex 80.4 55.9 0
      vertex 77.4 55.9 0
    endloop
  endfacet
  facet normal 0 0 -1
    outer loop
      vertex 107.3 95.8 0
      vertex 83.4 55.9 0
      vertex 80.4 55.9 0
    endloop
  endfacet
  facet normal 0 0 -1
    outer loop
      vertex 107.3 95.8 0
      vertex 86.4 55.9 0
      vertex 83.4 55.9 0
    endloop
  endfacet
  facet normal 0 0 -1
    outer loop
      vertex 107.3 0 0
      vertex 95.4 55.9 0
      vertex 107.3 95.8 0
    endloop
  endfacet
  facet normal 0 0 -1
    outer loop
      vertex 107.3 95.8 0
      vertex 89.4 55.9 0
      vertex 86.4 55.9 0
    endloop
  endfacet
  facet normal 0 0 -1
    outer loop
      vertex 107.3 95.8 0
      vertex 92.4 55.9 0
      vertex 89.4 55.9 0
    endloop
  endfacet
  facet normal 0 0 -1
    outer loop
      vertex 107.3 95.8 0
      vertex 95.4 55.9 0
      vertex 92.4 55.9 0
    endloop
  endfacet
  facet normal 1 0 0
    outer loop
      vertex 107.3 0 0
      vertex 107.3 95.8 0
      vertex 107.3 95.8 2.4
    endloop
  endfacet
  facet normal 0 0 1
    outer loop
      vertex 2.6999999999999997 2.6999999999999997 7.4
      vertex 4.699999999999999 4.699999999999999 7.4
      vertex 2.6999999999999997 93.10000000000001 7.4
    endloop
  endfacet
  facet normal -1 0 0
    outer loop
      vertex 2.6999999999999997 2.6999999999999997 7.4
      vertex 2.6999999999999997 93.10000000000001 2.4
      vertex 2.6999999999999997 2.6999999999999997 2.4
    endloop
  endfacet
  facet normal 0 0 1
    outer loop
      vertex 2.6999999999999997 2.6999999999999997 7.4
      vertex 102.60000000000001 4.699999999999999 7.4
      vertex 4.699999999999999 4.699999999999999 7.4
    endloop
  endfacet
  facet normal 0 -1 0
    outer loop
      vertex 2.6999999999999997 2.6999999999999997 7.4
      vertex 2.6999999999999997 2.6999999999999997 2.4
      vertex 104.60000000000001 2.6999999999999997 2.4
    endloop
  endfacet
  facet normal 0 0 1
    outer loop
      vertex 2.6999999999999997 93.10000000000001 7.4
      vertex 4.699999999999999 4.699999999999999 7.4
      vertex 4.699999999999999 91.10000000000001 7.4
    endloop
  endfacet
  facet normal -1 0 0
    outer loop
      vertex 2.6999999999999997 2.6999999999999997 7.4
      vertex 2.6999999999999997 93.10000000000001 7.4
      vertex 2.6999999999999997 93.10000000000001 2.4
    endloop
  endfacet
  facet normal 0 0 1
    outer loop
      vertex 2.6999999999999997 93.10000000000001 7.4
      vertex 4.699999999999999 91.10000000000001 7.4
      vertex 104.60000000000001 93.10000000000001 7.4
    endloop
  endfacet
  facet normal 0 1 0
    outer loop
      vertex 2.6999999999999997 93.10000000000001 7.4
      vertex 104.60000000000001 93.10000000000001 7.4
      vertex 2.6999999999999997 93.10000000000001 2.4
    endloop
  endfacet
  facet normal 0 0 1
    outer loop
      vertex 2.6999999999999997 2.6999999999999997 7.4
      vertex 104.60000000000001 2.6999999999999997 7.4
      vertex 102.60000000000001 4.699999999999999 7.4
    endloop
  endfacet
  facet normal 0 -1 0
    outer loop
      vertex 2.6999999999999997 2.6999999999999997 7.4
      vertex 104.60000000000001 2.6999999999999997 2.4
      vertex 104.60000000000001 2.6999999999999997 7.4
    endloop
  endfacet
  facet normal 0 0 1
    outer loop
      vertex 104.60000000000001 2.6999999999999997 7.4
      vertex 102.60000000000001 91.10000000000001 7.4
      vertex 102.60000000000001 4.699999999999999 7.4
    endloop
  endfacet
  facet normal 1 0 0
    outer loop
      vertex 104.60000000000001 2.6999999999999997 7.4
      vertex 104.60000000000001 2.6999999999999997 2.4
      vertex 104.60000000000001 93.10000000000001 7.4
    endloop
  endfacet
  facet normal 0 0 1
    outer loop
      vertex 104.60000000000001 93.10000000000001 7.4
      vertex 4.699999999999999 91.10000000000001 7.4
      vertex 102.60000000000001 91.10000000000001 7.4
    endloop
  endfacet
  facet normal 0 1 0
    outer loop
      vertex 2.6999999999999997 93.10000000000001 2.4
      vertex 104.60000000000001 93.10000000000001 7.4
      vertex 104.60000000000001 93.10000000000001 2.4
    endloop
  endfacet
  facet normal 0 0 1
    outer loop
      vertex 104.60000000000001 2.6999999999999997 7.4
      vertex 104.60000000000001 93.10000000000001 7.4
      vertex 102.60000000000001 91.10000000000001 7.4
    endloop
  endfacet
  facet normal 1 0 0
    outer loop
      vertex 104.60000000000001 2.6999999999999997 2.4
      vertex 104.60000000000001 93.10000000000001 2.4
      vertex 104.60000000000001 93.10000000000001 7.4
    endloop
  endfacet
  facet normal 1 0 0
    outer loop
      vertex 26.4 7.9 2.4
      vertex 26.4 7.9 0
      vertex 26.4 55.9 0
    endloop
  endfacet
  facet normal 1 0 0
    outer loop
      vertex 26.4 7.9 2.4
      vertex 26.4 55.9 0
      vertex 26.4 55.9 2.4
    endloop
  endfacet
  facet normal 0 1 0
    outer loop
      vertex 26.4 7.9 2.4
      vertex 29.4 7.9 2.4
      vertex 26.4 7.9 0
    endloop
  endfacet
  facet normal 0 1 0
    outer loop
      vertex 29.4 7.9 2.4
      vertex 29.4 7.9 0
      vertex 26.4 7.9 0
    endloop
  endfacet
  facet normal -1 0 0
    outer loop
      vertex 29.4 7.9 2.4
      vertex 29.4 55.9 2.4
      vertex 29.4 7.9 0
    endloop
  endfacet
  facet normal -1 0 0
    outer loop
      vertex 29.4 55.9 2.4
      vertex 29.4 55.9 0
      vertex 29.4 7.9 0
    endloop
  endfacet
  facet normal 0 -1 0
    outer loop
      vertex 26.4 55.9 2.4
      vertex 29.4 55.9 0
      vertex 29.4 55.9 2.4
    endloop
  endfacet
  facet normal 0 -1 0
    outer loop
      vertex 26.4 55.9 2.4
      vertex 26.4 55.9 0
      vertex 29.4 55.9 0
    endloop
  endfacet
  facet normal 0 1 0
    outer loop
      vertex 32.4 7.9 2.4
      vertex 35.4 7.9 2.4
      vertex 32.4 7.9 0
    endloop
  endfacet
  facet normal 0 1 0
    outer loop
      vertex 35.4 7.9 2.4
      vertex 35.4 7.9 0
      vertex 32.4 7.9 0
    endloop
  endfacet
  facet normal -1 0 0
    outer loop
      vertex 35.4 7.9 2.4
      vertex 35.4 55.9 2.4
      vertex 35.4 7.9 0
    endloop
  endfacet
  facet normal 1 0 0
    outer loop
      vertex 32.4 7.9 2.4
      vertex 32.4 7.9 0
      vertex 32.4 55.9 0
    endloop
  endfacet
  facet normal 1 0 0
    outer loop
      vertex 32.4 7.9 2.4
      vertex 32.4 55.9 0
      vertex 32.4 55.9 2.4
    endloop
  endfacet
  facet normal -1 0 0
    outer loop
      vertex 35.4 55.9 2.4
      vertex 35.4 55.9 0
      vertex 35.4 7.9 0
    endloop
  endfacet
  facet normal 0 -1 0
    outer loop
      vertex 32.4 55.9 2.4
      vertex 35.4 55.9 0
      vertex 35.4 55.9 2.4
    endloop
  endfacet
  facet normal 0 -1 0
    outer loop
      vertex 32.4 55.9 2.4
      vertex 32.4 55.9 0
      vertex 35.4 55.9 0
    endloop
  endfacet
  facet normal 0 1 0
    outer loop
      vertex 38.4 7.9 2.4
      vertex 41.4 7.9 2.4
      vertex 38.4 7.9 0
    endloop
  endfacet
  facet normal 1 0 0
    outer loop
      vertex 38.4 7.9 2.4
      vertex 38.4 7.9 0
      vertex 38.4 55.9 0
    endloop
  endfacet
  facet normal 0 1 0
    outer loop
      vertex 41.4 7.9 2.4
      vertex 41.4 7.9 0
      vertex 38.4 7.9 0
    endloop
  endfacet
  facet normal -1 0 0
    outer loop
      vertex 41.4 7.9 2.4
      vertex 41.4 55.9 2.4
      vertex 41.4 7.9 0
    endloop
  endfacet
  facet normal 1 0 0
    outer loop
      vertex 38.4 7.9 2.4
      vertex 38.4 55.9 0
      vertex 38.4 55.9 2.4
    endloop
  endfacet
  facet normal -1 0 0
    outer loop
      vertex 41.4 55.9 2.4
      vertex 41.4 55.9 0
      vertex 41.4 7.9 0
    endloop
  endfacet
  facet normal 0 -1 0
    outer loop
      vertex 38.4 55.9 2.4
      vertex 38.4 55.9 0
      vertex 41.4 55.9 0
    endloop
  endfacet
  facet normal 0 -1 0
    outer loop
      vertex 38.4 55.9 2.4
      vertex 41.4 55.9 0
      vertex 41.4 55.9 2.4
    endloop
  endfacet
  facet normal 0 1 0
    outer loop
      vertex 44.4 7.9 2.4
      vertex 47.4 7.9 2.4
      vertex 44.4 7.9 0
    endloop
  endfacet
  facet normal 0 1 0
    outer loop
      vertex 47.4 7.9 2.4
      vertex 47.4 7.9 0
      vertex 44.4 7.9 0
    endloop
  endfacet
  facet normal -1 0 0
    outer loop
      vertex 47.4 7.9 2.4
      vertex 47.4 55.9 2.4
      vertex 47.4 7.9 0
    endloop
  endfacet
  facet normal 1 0 0
    outer loop
      vertex 44.4 7.9 2.4
      vertex 44.4 7.9 0
      vertex 44.4 55.9 0
    endloop
  endfacet
  facet normal 1 0 0
    outer loop
      vertex 44.4 7.9 2.4
      vertex 44.4 55.9 0
      vertex 44.4 55.9 2.4
    endloop
  endfacet
  facet normal -1 0 0
    outer loop
      vertex 47.4 55.9 2.4
      vertex 47.4 55.9 0
      vertex 47.4 7.9 0
    endloop
  endfacet
  facet normal 0 -1 0
    outer loop
      vertex 44.4 55.9 2.4
      vertex 47.4 55.9 0
      vertex 47.4 55.9 2.4
    endloop
  endfacet
  facet normal 0 -1 0
    outer loop
      vertex 44.4 55.9 2.4
      vertex 44.4 55.9 0
      vertex 47.4 55.9 0
    endloop
  endfacet
  facet normal 0 1 0
    outer loop
      vertex 50.4 7.9 2.4
      vertex 53.4 7.9 2.4
      vertex 50.4 7.9 0
    endloop
  endfacet
  facet normal 0 1 0
    outer loop
      vertex 53.4 7.9 2.4
      vertex 53.4 7.9 0
      vertex 50.4 7.9 0
    endloop
  endfacet
  facet normal -1 0 0
    outer loop
      vertex 53.4 7.9 2.4
      vertex 53.4 55.9 2.4
      vertex 53.4 7.9 0
    endloop
  endfacet
  facet normal 1 0 0
    outer loop
      vertex 50.4 7.9 2.4
      vertex 50.4 7.9 0
      vertex 50.4 55.9 0
    endloop
  endfacet
  facet normal 1 0 0
    outer loop
      vertex 50.4 7.9 2.4
      vertex 50.4 55.9 0
      vertex 50.4 55.9 2.4
    endloop
  endfacet
  facet normal -1 0 0
    outer loop
      vertex 53.4 55.9 2.4
      vertex 53.4 55.9 0
      vertex 53.4 7.9 0
    endloop
  endfacet
  facet normal 0 -1 0
    outer loop
      vertex 50.4 55.9 2.4
      vertex 53.4 55.9 0
      vertex 53.4 55.9 2.4
    endloop
  endfacet
  facet normal 0 -1 0
    outer loop
      vertex 50.4 55.9 2.4
      vertex 50.4 55.9 0
      vertex 53.4 55.9 0
    endloop
  endfacet
  facet normal 0 1 0
    outer loop
      vertex 56.4 7.9 2.4
      vertex 59.4 7.9 2.4
      vertex 56.4 7.9 0
    endloop
  endfacet
  facet normal 0 1 0
    outer loop
      vertex 59.4 7.9 2.4
      vertex 59.4 7.9 0
      vertex 56.4 7.9 0
    endloop
  endfacet
  facet normal -1 0 0
    outer loop
      vertex 59.4 7.9 2.4
      vertex 59.4 55.9 2.4
      vertex 59.4 7.9 0
    endloop
  endfacet
  facet normal 1 0 0
    outer loop
      vertex 56.4 7.9 2.4
      vertex 56.4 7.9 0
      vertex 56.4 55.9 0
    endloop
  endfacet
  facet normal 1 0 0
    outer loop
      vertex 56.4 7.9 2.4
      vertex 56.4 55.9 0
      vertex 56.4 55.9 2.4
    endloop
  endfacet
  facet normal -1 0 0
    outer loop
      vertex 59.4 55.9 2.4
      vertex 59.4 55.9 0
      vertex 59.4 7.9 0
    endloop
  endfacet
  facet normal 0 -1 0
    outer loop
      vertex 56.4 55.9 2.4
      vertex 59.4 55.9 0
      vertex 59.4 55.9 2.4
    endloop
  endfacet
  facet normal 0 -1 0
    outer loop
      vertex 56.4 55.9 2.4
      vertex 56.4 55.9 0
      vertex 59.4 55.9 0
    endloop
  endfacet
  facet normal 0 1 0
    outer loop
      vertex 62.4 7.9 2.4
      vertex 65.4 7.9 2.4
      vertex 62.4 7.9 0
    endloop
  endfacet
  facet normal 0 1 0
    outer loop
      vertex 65.4 7.9 2.4
      vertex 65.4 7.9 0
      vertex 62.4 7.9 0
    endloop
  endfacet
  facet normal -1 0 0
    outer loop
      vertex 65.4 7.9 2.4
      vertex 65.4 55.9 2.4
      vertex 65.4 7.9 0
    endloop
  endfacet
  facet normal 1 0 0
    outer loop
      vertex 62.4 7.9 2.4
      vertex 62.4 7.9 0
      vertex 62.4 55.9 0
    endloop
  endfacet
  facet normal 1 0 0
    outer loop
      vertex 62.4 7.9 2.4
      vertex 62.4 55.9 0
      vertex 62.4 55.9 2.4
    endloop
  endfacet
  facet normal -1 0 0
    outer loop
      vertex 65.4 55.9 2.4
      vertex 65.4 55.9 0
      vertex 65.4 7.9 0
    endloop
  endfacet
  facet normal 0 -1 0
    outer loop
      vertex 62.4 55.9 2.4
      vertex 65.4 55.9 0
      vertex 65.4 55.9 2.4
    endloop
  endfacet
  facet normal 0 -1 0
    outer loop
      vertex 62.4 55.9 2.4
      vertex 62.4 55.9 0
      vertex 65.4 55.9 0
    endloop
  endfacet
  facet normal 0 1 0
    outer loop
      vertex 68.4 7.9 2.4
      vertex 71.4 7.9 2.4
      vertex 68.4 7.9 0
    endloop
  endfacet
  facet normal 0 1 0
    outer loop
      vertex 71.4 7.9 2.4
      vertex 71.4 7.9 0
      vertex 68.4 7.9 0
    endloop
  endfacet
  facet normal -1 0 0
    outer loop
      vertex 71.4 7.9 2.4
      vertex 71.4 55.9 2.4
      vertex 71.4 7.9 0
    endloop
  endfacet
  facet normal 1 0 0
    outer loop
      vertex 68.4 7.9 2.4
      vertex 68.4 7.9 0
      vertex 68.4 55.9 0
    endloop
  endfacet
  facet normal 1 0 0
    outer loop
      vertex 68.4 7.9 2.4
      vertex 68.4 55.9 0
      vertex 68.4 55.9 2.4
    endloop
  endfacet
  facet normal -1 0 0
    outer loop
      vertex 71.4 55.9 2.4
      vertex 71.4 55.9 0
      vertex 71.4 7.9 0
    endloop
  endfacet
  facet normal 0 -1 0
    outer loop
      vertex 68.4 55.9 2.4
      vertex 71.4 55.9 0
      vertex 71.4 55.9 2.4
    endloop
  endfacet
  facet normal 0 -1 0
    outer loop
      vertex 68.4 55.9 2.4
      vertex 68.4 55.9 0
      vertex 71.4 55.9 0
    endloop
  endfacet
  facet normal 0 1 0
    outer loop
      vertex 74.4 7.9 2.4
      vertex 77.4 7.9 2.4
      vertex 74.4 7.9 0
    endloop
  endfacet
  facet normal 0 1 0
    outer loop
      vertex 77.4 7.9 2.4
      vertex 77.4 7.9 0
      vertex 74.4 7.9 0
    endloop
  endfacet
  facet normal -1 0 0
    outer loop
      vertex 77.4 7.9 2.4
      vertex 77.4 55.9 2.4
      vertex 77.4 7.9 0
    endloop
  endfacet
  facet normal 1 0 0
    outer loop
      vertex 74.4 7.9 2.4
      vertex 74.4 7.9 0
      vertex 74.4 55.9 0
    endloop
  endfacet
  facet normal 1 0 0
    outer loop
      vertex 74.4 7.9 2.4
      vertex 74.4 55.9 0
      vertex 74.4 55.9 2.4
    endloop
  endfacet
  facet normal -1 0 0
    outer loop
      vertex 77.4 55.9 2.4
      vertex 77.4 55.9 0
      vertex 77.4 7.9 0
    endloop
  endfacet
  facet normal 0 -1 0
    outer loop
      vertex 74.4 55.9 2.4
      vertex 77.4 55.9 0
      vertex 77.4 55.9 2.4
    endloop
  endfacet
  facet normal 0 -1 0
    outer loop
      vertex 74.4 55.9 2.4
      vertex 74.4 55.9 0
      vertex 77.4 55.9 0
    endloop
  endfacet
  facet normal 1 0 0
    outer loop
      vertex 80.4 7.9 2.4
      vertex 80.4 7.9 0
      vertex 80.4 55.9 0
    endloop
  endfacet
  facet normal 1 0 0
    outer loop
      vertex 80.4 7.9 2.4
      vertex 80.4 55.9 0
      vertex 80.4 55.9 2.4
    endloop
  endfacet
  facet normal 0 1 0
    outer loop
      vertex 80.4 7.9 2.4
      vertex 83.4 7.9 2.4
      vertex 80.4 7.9 0
    endloop
  endfacet
  facet normal 0 1 0
    outer loop
      vertex 83.4 7.9 2.4
      vertex 83.4 7.9 0
      vertex 80.4 7.9 0
    endloop
  endfacet
  facet normal -1 0 0
    outer loop
      vertex 83.4 7.9 2.4
      vertex 83.4 55.9 2.4
      vertex 83.4 7.9 0
    endloop
  endfacet
  facet normal -1 0 0
    outer loop
      vertex 83.4 55.9 2.4
      vertex 83.4 55.9 0
      vertex 83.4 7.9 0
    endloop
  endfacet
  facet normal 0 -1 0
    outer loop
      vertex 80.4 55.9 2.4
      vertex 83.4 55.9 0
      vertex 83.4 55.9 2.4
    endloop
  endfacet
  facet normal 0 -1 0
    outer loop
      vertex 80.4 55.9 2.4
      vertex 80.4 55.9 0
      vertex 83.4 55.9 0
    endloop
  endfacet
  facet normal 0 1 0
    outer loop
      vertex 86.4 7.9 2.4
      vertex 89.4 7.9 2.4
      vertex 86.4 7.9 0
    endloop
  endfacet
  facet normal 0 1 0
    outer loop
      vertex 89.4 7.9 2.4
      vertex 89.4 7.9 0
      vertex 86.4 7.9 0
    endloop
  endfacet
  facet normal -1 0 0
    outer loop
      vertex 89.4 7.9 2.4
      vertex 89.4 55.9 2.4
      vertex 89.4 7.9 0
    endloop
  endfacet
  facet normal 1 0 0
    outer loop
      vertex 86.4 7.9 2.4
      vertex 86.4 7.9 0
      vertex 86.4 55.9 0
    endloop
  endfacet
  facet normal 1 0 0
    outer loop
      vertex 86.4 7.9 2.4
      vertex 86.4 55.9 0
      vertex 86.4 55.9 2.4
    endloop
  endfacet
  facet normal -1 0 0
    outer loop
      vertex 89.4 55.9 2.4
      vertex 89.4 55.9 0
      vertex 89.4 7.9 0
    endloop
  endfacet
  facet normal 0 -1 0
    outer loop
      vertex 86.4 55.9 2.4
      vertex 89.4 55.9 0
      vertex 89.4 55.9 2.4
    endloop
  endfacet
  facet normal 0 -1 0
    outer loop
      vertex 86.4 55.9 2.4
      vertex 86.4 55.9 0
      vertex 89.4 55.9 0
    endloop
  endfacet
  facet normal 0 1 0
    outer loop
      vertex 92.4 7.9 2.4
      vertex 95.4 7.9 2.4
      vertex 92.4 7.9 0
    endloop
  endfacet
  facet normal 1 0 0
    outer loop
      vertex 92.4 7.9 2.4
      vertex 92.4 7.9 0
      vertex 92.4 55.9 0
    endloop
  endfacet
  facet normal 0 1 0
    outer loop
      vertex 95.4 7.9 2.4
      vertex 95.4 7.9 0
      vertex 92.4 7.9 0
    endloop
  endfacet
  facet normal -1 0 0
    outer loop
      vertex 95.4 7.9 2.4
      vertex 95.4 55.9 2.4
      vertex 95.4 7.9 0
    endloop
  endfacet
  facet normal 1 0 0
    outer loop
      vertex 92.4 7.9 2.4
      vertex 92.4 55.9 0
      vertex 92.4 55.9 2.4
    endloop
  endfacet
  facet normal -1 0 0
    outer loop
      vertex 95.4 55.9 2.4
      vertex 95.4 55.9 0
      vertex 95.4 7.9 0
    endloop
  endfacet
  facet normal 0 -1 0
    outer loop
      vertex 92.4 55.9 2.4
      vertex 92.4 55.9 0
      vertex 95.4 55.9 0
    endloop
  endfacet
  facet normal 0 -1 0
    outer loop
      vertex 92.4 55.9 2.4
      vertex 95.4 55.9 0
      vertex 95.4 55.9 2.4
    endloop
  endfacet
  facet normal 1 0 0
    outer loop
      vertex 4.699999999999999 4.699999999999999 2.4
      vertex 4.699999999999999 91.10000000000001 2.4
      vertex 4.699999999999999 4.699999999999999 7.4
    endloop
  endfacet
  facet normal 0 1 0
    outer loop
      vertex 4.699999999999999 4.699999999999999 2.4
      vertex 4.699999999999999 4.699999999999999 7.4
      vertex 102.60000000000001 4.699999999999999 7.4
    endloop
  endfacet
  facet normal 0 0 1
    outer loop
      vertex 4.699999999999999 4.699999999999999 2.4
      vertex 29.4 7.9 2.4
      vertex 26.4 7.9 2.4
    endloop
  endfacet
  facet normal 0 0 1
    outer loop
      vertex 4.699999999999999 4.699999999999999 2.4
      vertex 32.4 7.9 2.4
      vertex 29.4 7.9 2.4
    endloop
  endfacet
  facet normal 0 0 1
    outer loop
      vertex 4.699999999999999 4.699999999999999 2.4
      vertex 35.4 7.9 2.4
      vertex 32.4 7.9 2.4
    endloop
  endfacet
  facet normal 0 0 1
    outer loop
      vertex 4.699999999999999 4.699999999999999 2.4
      vertex 38.4 7.9 2.4
      vertex 35.4 7.9 2.4
    endloop
  endfacet
  facet normal 0 0 1
    outer loop
      vertex 4.699999999999999 4.699999999999999 2.4
      vertex 26.4 7.9 2.4
      vertex 26.4 55.9 2.4
    endloop
  endfacet
  facet normal 0 0 1
    outer loop
      vertex 4.699999999999999 4.699999999999999 2.4
      vertex 41.4 7.9 2.4
      vertex 38.4 7.9 2.4
    endloop
  endfacet
  facet normal 0 0 1
    outer loop
      vertex 4.699999999999999 4.699999999999999 2.4
      vertex 44.4 7.9 2.4
      vertex 41.4 7.9 2.4
    endloop
  endfacet
  facet normal 0 0 1
    outer loop
      vertex 4.699999999999999 4.699999999999999 2.4
      vertex 47.4 7.9 2.4
      vertex 44.4 7.9 2.4
    endloop
  endfacet
  facet normal 0 0 1
    outer loop
      vertex 4.699999999999999 4.699999999999999 2.4
      vertex 50.4 7.9 2.4
      vertex 47.4 7.9 2.4
    endloop
  endfacet
  facet normal 0 0 1
    outer loop
      vertex 4.699999999999999 4.699999999999999 2.4
      vertex 53.4 7.9 2.4
      vertex 50.4 7.9 2.4
    endloop
  endfacet
  facet normal 0 0 1
    outer loop
      vertex 4.699999999999999 4.699999999999999 2.4
      vertex 56.4 7.9 2.4
      vertex 53.4 7.9 2.4
    endloop
  endfacet
  facet normal 0 0 1
    outer loop
      vertex 4.699999999999999 4.699999999999999 2.4
      vertex 59.4 7.9 2.4
      vertex 56.4 7.9 2.4
    endloop
  endfacet
  facet normal 0 0 1
    outer loop
      vertex 29.4 7.9 2.4
      vertex 32.4 7.9 2.4
      vertex 29.4 55.9 2.4
    endloop
  endfacet
  facet normal 0 0 1
    outer loop
      vertex 35.4 7.9 2.4
      vertex 38.4 7.9 2.4
      vertex 35.4 55.9 2.4
    endloop
  endfacet
  facet normal 0 0 1
    outer loop
      vertex 4.699999999999999 4.699999999999999 2.4
      vertex 62.4 7.9 2.4
      vertex 59.4 7.9 2.4
    endloop
  endfacet
  facet normal 0 0 1
    outer loop
      vertex 4.699999999999999 4.699999999999999 2.4
      vertex 65.4 7.9 2.4
      vertex 62.4 7.9 2.4
    endloop
  endfacet
  facet normal 0 0 1
    outer loop
      vertex 4.699999999999999 4.699999999999999 2.4
      vertex 68.4 7.9 2.4
      vertex 65.4 7.9 2.4
    endloop
  endfacet
  facet normal 0 0 1
    outer loop
      vertex 4.699999999999999 4.699999999999999 2.4
      vertex 71.4 7.9 2.4
      vertex 68.4 7.9 2.4
    endloop
  endfacet
  facet normal 0 0 1
    outer loop
      vertex 41.4 7.9 2.4
      vertex 44.4 7.9 2.4
      vertex 41.4 55.9 2.4
    endloop
  endfacet
  facet normal 0 0 1
    outer loop
      vertex 47.4 7.9 2.4
      vertex 50.4 7.9 2.4
      vertex 47.4 55.9 2.4
    endloop
  endfacet
  facet normal 0 0 1
    outer loop
      vertex 32.4 7.9 2.4
      vertex 32.4 55.9 2.4
      vertex 29.4 55.9 2.4
    endloop
  endfacet
  facet normal 0 0 1
    outer loop
      vertex 38.4 7.9 2.4
      vertex 38.4 55.9 2.4
      vertex 35.4 55.9 2.4
    endloop
  endfacet
  facet normal 0 0 1
    outer loop
      vertex 44.4 7.9 2.4
      vertex 44.4 55.9 2.4
      vertex 41.4 55.9 2.4
    endloop
  endfacet
  facet normal 0 0 1
    outer loop
      vertex 50.4 7.9 2.4
      vertex 50.4 55.9 2.4
      vertex 47.4 55.9 2.4
    endloop
  endfacet
  facet normal 1 0 0
    outer loop
      vertex 4.699999999999999 91.10000000000001 2.4
      vertex 4.699999999999999 91.10000000000001 7.4
      vertex 4.699999999999999 4.699999999999999 7.4
    endloop
  endfacet
  facet normal 0 -1 0
    outer loop
      vertex 4.699999999999999 91.10000000000001 2.4
      vertex 102.60000000000001 91.10000000000001 2.4
      vertex 4.699999999999999 91.10000000000001 7.4
    endloop
  endfacet
  facet normal 0 0 1
    outer loop
      vertex 4.699999999999999 4.699999999999999 2.4
      vertex 26.4 55.9 2.4
      vertex 4.699999999999999 91.10000000000001 2.4
    endloop
  endfacet
  facet normal 0 0 1
    outer loop
      vertex 26.4 55.9 2.4
      vertex 29.4 55.9 2.4
      vertex 4.699999999999999 91.10000000000001 2.4
    endloop
  endfacet
  facet normal 0 0 1
    outer loop
      vertex 4.699999999999999 91.10000000000001 2.4
      vertex 29.4 55.9 2.4
      vertex 32.4 55.9 2.4
    endloop
  endfacet
  facet normal 0 0 1
    outer loop
      vertex 4.699999999999999 91.10000000000001 2.4
      vertex 32.4 55.9 2.4
      vertex 35.4 55.9 2.4
    endloop
  endfacet
  facet normal 0 0 1
    outer loop
      vertex 4.699999999999999 91.10000000000001 2.4
      vertex 35.4 55.9 2.4
      vertex 38.4 55.9 2.4
    endloop
  endfacet
  facet normal 0 0 1
    outer loop
      vertex 4.699999999999999 91.10000000000001 2.4
      vertex 38.4 55.9 2.4
      vertex 41.4 55.9 2.4
    endloop
  endfacet
  facet normal 0 0 1
    outer loop
      vertex 4.699999999999999 91.10000000000001 2.4
      vertex 41.4 55.9 2.4
      vertex 44.4 55.9 2.4
    endloop
  endfacet
  facet normal 0 0 1
    outer loop
      vertex 4.699999999999999 91.10000000000001 2.4
      vertex 44.4 55.9 2.4
      vertex 102.60000000000001 91.10000000000001 2.4
    endloop
  endfacet
  facet normal 0 1 0
    outer loop
      vertex 4.699999999999999 4.699999999999999 2.4
      vertex 102.60000000000001 4.699999999999999 7.4
      vertex 102.60000000000001 4.699999999999999 2.4
    endloop
  endfacet
  facet normal -1 0 0
    outer loop
      vertex 102.60000000000001 4.699999999999999 2.4
      vertex 102.60000000000001 4.699999999999999 7.4
      vertex 102.60000000000001 91.10000000000001 7.4
    endloop
  endfacet
  facet normal 0 0 1
    outer loop
      vertex 4.699999999999999 4.699999999999999 2.4
      vertex 102.60000000000001 4.699999999999999 2.4
      vertex 71.4 7.9 2.4
    endloop
  endfacet
  facet normal 0 0 1
    outer loop
      vertex 53.4 7.9 2.4
      vertex 56.4 7.9 2.4
      vertex 53.4 55.9 2.4
    endloop
  endfacet
  facet normal 0 0 1
    outer loop
      vertex 59.4 7.9 2.4
      vertex 62.4 7.9 2.4
      vertex 59.4 55.9 2.4
    endloop
  endfacet
  facet normal 0 0 1
    outer loop
      vertex 65.4 7.9 2.4
      vertex 68.4 7.9 2.4
      vertex 65.4 55.9 2.4
    endloop
  endfacet
  facet normal 0 0 1
    outer loop
      vertex 71.4 7.9 2.4
      vertex 74.4 7.9 2.4
      vertex 71.4 55.9 2.4
    endloop
  endfacet
  facet normal 0 0 1
    outer loop
      vertex 77.4 7.9 2.4
      vertex 80.4 7.9 2.4
      vertex 77.4 55.9 2.4
    endloop
  endfacet
  facet normal 0 0 1
    outer loop
      vertex 53.4 55.9 2.4
      vertex 56.4 7.9 2.4
      vertex 56.4 55.9 2.4
    endloop
  endfacet
  facet normal 0 0 1
    outer loop
      vertex 62.4 7.9 2.4
      vertex 62.4 55.9 2.4
      vertex 59.4 55.9 2.4
    endloop
  endfacet
  facet normal 0 0 1
    outer loop
      vertex 68.4 7.9 2.4
      vertex 68.4 55.9 2.4
      vertex 65.4 55.9 2.4
    endloop
  endfacet
  facet normal 0 0 1
    outer loop
      vertex 74.4 7.9 2.4
      vertex 74.4 55.9 2.4
      vertex 71.4 55.9 2.4
    endloop
  endfacet
  facet normal 0 0 1
    outer loop
      vertex 80.4 7.9 2.4
      vertex 80.4 55.9 2.4
      vertex 77.4 55.9 2.4
    endloop
  endfacet
  facet normal 0 0 1
    outer loop
      vertex 71.4 7.9 2.4
      vertex 102.60000000000001 4.699999999999999 2.4
      vertex 74.4 7.9 2.4
    endloop
  endfacet
  facet normal 0 0 1
    outer loop
      vertex 74.4 7.9 2.4
      vertex 102.60000000000001 4.699999999999999 2.4
      vertex 77.4 7.9 2.4
    endloop
  endfacet
  facet normal 0 0 1
    outer loop
      vertex 77.4 7.9 2.4
      vertex 102.60000000000001 4.699999999999999 2.4
      vertex 80.4 7.9 2.4
    endloop
  endfacet
  facet normal 0 0 1
    outer loop
      vertex 80.4 7.9 2.4
      vertex 102.60000000000001 4.699999999999999 2.4
      vertex 83.4 7.9 2.4
    endloop
  endfacet
  facet normal 0 0 1
    outer loop
      vertex 83.4 7.9 2.4
      vertex 102.60000000000001 4.699999999999999 2.4
      vertex 86.4 7.9 2.4
    endloop
  endfacet
  facet normal 0 0 1
    outer loop
      vertex 86.4 7.9 2.4
      vertex 102.60000000000001 4.699999999999999 2.4
      vertex 89.4 7.9 2.4
    endloop
  endfacet
  facet normal 0 0 1
    outer loop
      vertex 83.4 7.9 2.4
      vertex 86.4 7.9 2.4
      vertex 83.4 55.9 2.4
    endloop
  endfacet
  facet normal 0 0 1
    outer loop
      vertex 89.4 7.9 2.4
      vertex 92.4 7.9 2.4
      vertex 89.4 55.9 2.4
    endloop
  endfacet
  facet normal 0 0 1
    outer loop
      vertex 89.4 7.9 2.4
      vertex 102.60000000000001 4.699999999999999 2.4
      vertex 92.4 7.9 2.4
    endloop
  endfacet
  facet normal 0 0 1
    outer loop
      vertex 92.4 7.9 2.4
      vertex 102.60000000000001 4.699999999999999 2.4
      vertex 95.4 7.9 2.4
    endloop
  endfacet
  facet normal 0 0 1
    outer loop
      vertex 95.4 7.9 2.4
      vertex 102.60000000000001 4.699999999999999 2.4
      vertex 95.4 55.9 2.4
    endloop
  endfacet
  facet normal 0 0 1
    outer loop
      vertex 86.4 7.9 2.4
      vertex 86.4 55.9 2.4
      vertex 83.4 55.9 2.4
    endloop
  endfacet
  facet normal 0 0 1
    outer loop
      vertex 92.4 7.9 2.4
      vertex 92.4 55.9 2.4
      vertex 89.4 55.9 2.4
    endloop
  endfacet
  facet normal 0 -1 0
    outer loop
      vertex 102.60000000000001 91.10000000000001 2.4
      vertex 102.60000000000001 91.10000000000001 7.4
      vertex 4.699999999999999 91.10000000000001 7.4
    endloop
  endfacet
  facet normal -1 0 0
    outer loop
      vertex 102.60000000000001 4.699999999999999 2.4
      vertex 102.60000000000001 91.10000000000001 7.4
      vertex 102.60000000000001 91.10000000000001 2.4
    endloop
  endfacet
  facet normal 0 0 1
    outer loop
      vertex 44.4 55.9 2.4
      vertex 47.4 55.9 2.4
      vertex 102.60000000000001 91.10000000000001 2.4
    endloop
  endfacet
  facet normal 0 0 1
    outer loop
      vertex 47.4 55.9 2.4
      vertex 50.4 55.9 2.4
      vertex 102.60000000000001 91.10000000000001 2.4
    endloop
  endfacet
  facet normal 0 0 1
    outer loop
      vertex 50.4 55.9 2.4
      vertex 53.4 55.9 2.4
      vertex 102.60000000000001 91.10000000000001 2.4
    endloop
  endfacet
  facet normal 0 0 1
    outer loop
      vertex 53.4 55.9 2.4
      vertex 56.4 55.9 2.4
      vertex 102.60000000000001 91.10000000000001 2.4
    endloop
  endfacet
  facet normal 0 0 1
    outer loop
      vertex 56.4 55.9 2.4
      vertex 59.4 55.9 2.4
      vertex 102.60000000000001 91.10000000000001 2.4
    endloop
  endfacet
  facet normal 0 0 1
    outer loop
      vertex 59.4 55.9 2.4
      vertex 62.4 55.9 2.4
      vertex 102.60000000000001 91.10000000000001 2.4
    endloop
  endfacet
  facet normal 0 0 1
    outer loop
      vertex 62.4 55.9 2.4
      vertex 65.4 55.9 2.4
      vertex 102.60000000000001 91.10000000000001 2.4
    endloop
  endfacet
  facet normal 0 0 1
    outer loop
      vertex 65.4 55.9 2.4
      vertex 68.4 55.9 2.4
      vertex 102.60000000000001 91.10000000000001 2.4
    endloop
  endfacet
  facet normal 0 0 1
    outer loop
      vertex 68.4 55.9 2.4
      vertex 71.4 55.9 2.4
      vertex 102.60000000000001 91.10000000000001 2.4
    endloop
  endfacet
  facet normal 0 0 1
    outer loop
      vertex 71.4 55.9 2.4
      vertex 74.4 55.9 2.4
      vertex 102.60000000000001 91.10000000000001 2.4
    endloop
  endfacet
  facet normal 0 0 1
    outer loop
      vertex 74.4 55.9 2.4
      vertex 77.4 55.9 2.4
      vertex 102.60000000000001 91.10000000000001 2.4
    endloop
  endfacet
  facet normal 0 0 1
    outer loop
      vertex 77.4 55.9 2.4
      vertex 80.4 55.9 2.4
      vertex 102.60000000000001 91.10000000000001 2.4
    endloop
  endfacet
  facet normal 0 0 1
    outer loop
      vertex 80.4 55.9 2.4
      vertex 83.4 55.9 2.4
      vertex 102.60000000000001 91.10000000000001 2.4
    endloop
  endfacet
  facet normal 0 0 1
    outer loop
      vertex 83.4 55.9 2.4
      vertex 86.4 55.9 2.4
      vertex 102.60000000000001 91.10000000000001 2.4
    endloop
  endfacet
  facet normal 0 0 1
    outer loop
      vertex 86.4 55.9 2.4
      vertex 89.4 55.9 2.4
      vertex 102.60000000000001 91.10000000000001 2.4
    endloop
  endfacet
  facet normal 0 0 1
    outer loop
      vertex 102.60000000000001 4.699999999999999 2.4
      vertex 102.60000000000001 91.10000000000001 2.4
      vertex 95.4 55.9 2.4
    endloop
  endfacet
  facet normal 0 0 1
    outer loop
      vertex 89.4 55.9 2.4
      vertex 92.4 55.9 2.4
      vertex 102.60000000000001 91.10000000000001 2.4
    endloop
  endfacet
  facet normal 0 0 1
    outer loop
      vertex 92.4 55.9 2.4
      vertex 95.4 55.9 2.4
      vertex 102.60000000000001 91.10000000000001 2.4
    endloop
  endfacet
  facet normal 0 0 -1
    outer loop
      vertex 9.609600000083447 40.652350002527236 0.5900000000000001
      vertex 9.609600000083447 41.82554999887943 0.5900000000000001
      vertex 10.67764999717474 41.479700000584124 0.5900000000000001
    endloop
  endfacet
  facet normal 0 0 -1
    outer loop
      vertex 9.609600000083447 37.56319999843836 0.5900000000000001
      vertex 9.609600000083447 38.56345000267029 0.5900000000000001
      vertex 13.613949999213219 38.56345000267029 0.5900000000000001
    endloop
  endfacet
  facet normal 0 0 -1
    outer loop
      vertex 9.609600000083447 37.56319999843836 0.5900000000000001
      vertex 13.613949999213219 38.56345000267029 0.5900000000000001
      vertex 13.613949999213219 37.56319999843836 0.5900000000000001
    endloop
  endfacet
  facet normal 0 0 -1
    outer loop
      vertex 9.609600000083447 40.652350002527236 0.5900000000000001
      vertex 10.67764999717474 41.479700000584124 0.5900000000000001
      vertex 14.387000001966953 40.652350002527236 0.5900000000000001
    endloop
  endfacet
  facet normal 0 0 -1
    outer loop
      vertex 10.67764999717474 41.479700000584124 0.5900000000000001
      vertex 10.822066329419613 41.495883674919604 0.5900000000000001
      vertex 14.387000001966953 40.652350002527236 0.5900000000000001
    endloop
  endfacet
  facet normal 0 0 -1
    outer loop
      vertex 10.822066329419613 41.495883674919604 0.5900000000000001
      vertex 10.962743878364563 41.50957755148411 0.5900000000000001
      vertex 14.387000001966953 40.652350002527236 0.5900000000000001
    endloop
  endfacet
  facet normal 0 0 -1
    outer loop
      vertex 10.962743878364563 41.50957755148411 0.5900000000000001
      vertex 11.09968265146017 41.52078163027763 0.5900000000000001
      vertex 14.387000001966953 40.652350002527236 0.5900000000000001
    endloop
  endfacet
  facet normal 0 0 -1
    outer loop
      vertex 11.09968265146017 41.52078163027763 0.5900000000000001
      vertex 11.232882656157017 41.52949591875076 0.5900000000000001
      vertex 14.387000001966953 40.652350002527236 0.5900000000000001
    endloop
  endfacet
  facet normal 0 0 -1
    outer loop
      vertex 11.232882656157017 41.52949591875076 0.5900000000000001
      vertex 11.36234387755394 41.535720409452914 0.5900000000000001
      vertex 14.387000001966953 40.652350002527236 0.5900000000000001
    endloop
  endfacet
  facet normal 0 0 -1
    outer loop
      vertex 11.36234387755394 41.535720409452914 0.5900000000000001
      vertex 11.48806632310152 41.53945510238409 0.5900000000000001
      vertex 14.387000001966953 40.652350002527236 0.5900000000000001
    endloop
  endfacet
  facet normal 0 0 -1
    outer loop
      vertex 11.48806632310152 41.53945510238409 0.5900000000000001
      vertex 11.61005000025034 41.54069999754429 0.5900000000000001
      vertex 14.387000001966953 40.652350002527236 0.5900000000000001
    endloop
  endfacet
  facet normal 1 0 0
    outer loop
      vertex 9.609600000083447 37.56319999843836 0.5900000000000001
      vertex 9.609600000083447 38.56345000267029 0
      vertex 9.609600000083447 38.56345000267029 0.5900000000000001
    endloop
  endfacet
  facet normal 1 0 0
    outer loop
      vertex 9.609600000083447 37.56319999843836 0.5900000000000001
      vertex 9.609600000083447 37.56319999843836 0
      vertex 9.609600000083447 38.56345000267029 0
    endloop
  endfacet
  facet normal 1 0 0
    outer loop
      vertex 9.609600000083447 40.652350002527236 0.5900000000000001
      vertex 9.609600000083447 41.82554999887943 0
      vertex 9.609600000083447 41.82554999887943 0.5900000000000001
    endloop
  endfacet
  facet normal 1 0 0
    outer loop
      vertex 9.609600000083447 40.652350002527236 0.5900000000000001
      vertex 9.609600000083447 40.652350002527236 0
      vertex 9.609600000083447 41.82554999887943 0
    endloop
  endfacet
  facet normal 0 1 0
    outer loop
      vertex 9.609600000083447 37.56319999843836 0.5900000000000001
      vertex 13.613949999213219 37.56319999843836 0.5900000000000001
      vertex 9.609600000083447 37.56319999843836 0
    endloop
  endfacet
  facet normal 0 -1 0
    outer loop
      vertex 9.609600000083447 38.56345000267029 0.5900000000000001
      vertex 13.613949999213219 38.56345000267029 0
      vertex 13.613949999213219 38.56345000267029 0.5900000000000001
    endloop
  endfacet
  facet normal 0 -1 0
    outer loop
      vertex 9.609600000083447 38.56345000267029 0.5900000000000001
      vertex 9.609600000083447 38.56345000267029 0
      vertex 13.613949999213219 38.56345000267029 0
    endloop
  endfacet
  facet normal 0 1 0
    outer loop
      vertex 13.613949999213219 37.56319999843836 0.5900000000000001
      vertex 13.613949999213219 37.56319999843836 0
      vertex 9.609600000083447 37.56319999843836 0
    endloop
  endfacet
  facet normal 0.11136554781075403 -0.9937795101333144 0
    outer loop
      vertex 10.67764999717474 41.479700000584124 0.5900000000000001
      vertex 10.822066329419613 41.495883674919604 0
      vertex 10.822066329419613 41.495883674919604 0.5900000000000001
    endloop
  endfacet
  facet normal 0 1 0
    outer loop
      vertex 9.609600000083447 40.652350002527236 0.5900000000000001
      vertex 14.387000001966953 40.652350002527236 0.5900000000000001
      vertex 9.609600000083447 40.652350002527236 0
    endloop
  endfacet
  facet normal 0.0968843699341728 -0.9952956439482985 0
    outer loop
      vertex 10.822066329419613 41.495883674919604 0.5900000000000001
      vertex 10.962743878364563 41.50957755148411 0
      vertex 10.962743878364563 41.50957755148411 0.5900000000000001
    endloop
  endfacet
  facet normal 0.08154567577916096 -0.9966696056174883 0
    outer loop
      vertex 10.962743878364563 41.50957755148411 0.5900000000000001
      vertex 11.09968265146017 41.52078163027763 0
      vertex 11.09968265146017 41.52078163027763 0.5900000000000001
    endloop
  endfacet
  facet normal 0.06528302359457279 -0.9978667881187101 0
    outer loop
      vertex 11.09968265146017 41.52078163027763 0.5900000000000001
      vertex 11.232882656157017 41.52949591875076 0
      vertex 11.232882656157017 41.52949591875076 0.5900000000000001
    endloop
  endfacet
  facet normal 0.048024486101515225 -0.9988461586924612 0
    outer loop
      vertex 11.232882656157017 41.52949591875076 0.5900000000000001
      vertex 11.36234387755394 41.535720409452914 0
      vertex 11.36234387755394 41.535720409452914 0.5900000000000001
    endloop
  endfacet
  facet normal 0.02969275842010263 -0.9995590728403226 0
    outer loop
      vertex 11.36234387755394 41.535720409452914 0.5900000000000001
      vertex 11.48806632310152 41.53945510238409 0
      vertex 11.48806632310152 41.53945510238409 0.5900000000000001
    endloop
  endfacet
  facet normal 0.010204892703828457 -0.999947928726743 0
    outer loop
      vertex 11.48806632310152 41.53945510238409 0.5900000000000001
      vertex 11.61005000025034 41.54069999754429 0
      vertex 11.61005000025034 41.54069999754429 0.5900000000000001
    endloop
  endfacet
  facet normal 0.11136554781075403 -0.9937795101333144 0
    outer loop
      vertex 10.67764999717474 41.479700000584124 0.5900000000000001
      vertex 10.67764999717474 41.479700000584124 0
      vertex 10.822066329419613 41.495883674919604 0
    endloop
  endfacet
  facet normal 0.0968843699341728 -0.9952956439482985 0
    outer loop
      vertex 10.822066329419613 41.495883674919604 0.5900000000000001
      vertex 10.822066329419613 41.495883674919604 0
      vertex 10.962743878364563 41.50957755148411 0
    endloop
  endfacet
  facet normal 0.08154567577916096 -0.9966696056174883 0
    outer loop
      vertex 10.962743878364563 41.50957755148411 0.5900000000000001
      vertex 10.962743878364563 41.50957755148411 0
      vertex 11.09968265146017 41.52078163027763 0
    endloop
  endfacet
  facet normal 0.06528302359457279 -0.9978667881187101 0
    outer loop
      vertex 11.09968265146017 41.52078163027763 0.5900000000000001
      vertex 11.09968265146017 41.52078163027763 0
      vertex 11.232882656157017 41.52949591875076 0
    endloop
  endfacet
  facet normal 0.048024486101515225 -0.9988461586924612 0
    outer loop
      vertex 11.232882656157017 41.52949591875076 0.5900000000000001
      vertex 11.232882656157017 41.52949591875076 0
      vertex 11.36234387755394 41.535720409452914 0
    endloop
  endfacet
  facet normal 0.02969275842010263 -0.9995590728403226 0
    outer loop
      vertex 11.36234387755394 41.535720409452914 0.5900000000000001
      vertex 11.36234387755394 41.535720409452914 0
      vertex 11.48806632310152 41.53945510238409 0
    endloop
  endfacet
  facet normal 0.010204892703828457 -0.999947928726743 0
    outer loop
      vertex 11.48806632310152 41.53945510238409 0.5900000000000001
      vertex 11.48806632310152 41.53945510238409 0
      vertex 11.61005000025034 41.54069999754429 0
    endloop
  endfacet
  facet normal 0 -1 0
    outer loop
      vertex 11.61005000025034 41.54069999754429 0.5900000000000001
      vertex 11.61005000025034 41.54069999754429 0
      vertex 14.387000001966953 41.54069999754429 0
    endloop
  endfacet
  facet normal 0 1 0
    outer loop
      vertex 14.387000001966953 40.652350002527236 0.5900000000000001
      vertex 14.387000001966953 40.652350002527236 0
      vertex 9.609600000083447 40.652350002527236 0
    endloop
  endfacet
  facet normal 0 0 -1
    outer loop
      vertex 9.841849997639656 46.63040000349283 0.5900000000000001
      vertex 9.762244895100594 46.79106632769108 0.5900000000000001
      vertex 10.553297959268093 47.10953469723463 0.5900000000000001
    endloop
  endfacet
  facet normal 0 0 -1
    outer loop
      vertex 9.762244895100594 46.79106632769108 0.5900000000000001
      vertex 9.694886736571789 46.959208162128924 0.5900000000000001
      vertex 10.472334690392017 47.24498877823353 0.5900000000000001
    endloop
  endfacet
  facet normal 0 0 -1
    outer loop
      vertex 9.59691122174263 47.317918369174 0.5900000000000001
      vertex 9.566293880343437 47.50848673433065 0.5900000000000001
      vertex 10.364383675158024 47.553470404446124 0.5900000000000001
    endloop
  endfacet
  facet normal 0 0 -1
    outer loop
      vertex 9.63977550715208 47.13482550680637 0.5900000000000001
      vertex 10.409363262355328 47.3929673448205 0.5900000000000001
      vertex 9.694886736571789 46.959208162128924 0.5900000000000001
    endloop
  endfacet
  facet normal 0 0 -1
    outer loop
      vertex 9.63977550715208 47.13482550680637 0.5900000000000001
      vertex 9.59691122174263 47.317918369174 0.5900000000000001
      vertex 10.409363262355328 47.3929673448205 0.5900000000000001
    endloop
  endfacet
  facet normal 0 0 -1
    outer loop
      vertex 9.566293880343437 47.50848673433065 0.5900000000000001
      vertex 9.547923468053341 47.706530609726904 0.5900000000000001
      vertex 10.337395921349525 47.7264979571104 0.5900000000000001
    endloop
  endfacet
  facet normal 0 0 -1
    outer loop
      vertex 9.547923468053341 47.706530609726904 0.5900000000000001
      vertex 9.541799999773502 47.91205000281334 0.5900000000000001
      vertex 10.328400000929832 47.91205000281334 0.5900000000000001
    endloop
  endfacet
  facet normal 0 0 -1
    outer loop
      vertex 9.609600000083447 41.82554999887943 0.5900000000000001
      vertex 13.288450002670288 43.907349997758864 0.5900000000000001
      vertex 10.67764999717474 41.479700000584124 0.5900000000000001
    endloop
  endfacet
  facet normal 0 0 -1
    outer loop
      vertex 9.609600000083447 43.8463500007987 0.5900000000000001
      vertex 9.609600000083447 44.73470000326633 0.5900000000000001
      vertex 12.427199997007847 43.8463500007987 0.5900000000000001
    endloop
  endfacet
  facet normal 0 0 -1
    outer loop
      vertex 10.67764999717474 41.479700000584124 0.5900000000000001
      vertex 13.288450002670288 43.907349997758864 0.5900000000000001
      vertex 14.387000001966953 43.592050002515315 0.5900000000000001
    endloop
  endfacet
  facet normal 0 0 -1
    outer loop
      vertex 9.609600000083447 44.73470000326633 0.5900000000000001
      vertex 14.387000001966953 44.73470000326633 0.5900000000000001
      vertex 12.427199997007847 43.8463500007987 0.5900000000000001
    endloop
  endfacet
  facet normal 0 0 -1
    outer loop
      vertex 12.427199997007847 43.8463500007987 0.5900000000000001
      vertex 14.387000001966953 44.73470000326633 0.5900000000000001
      vertex 12.52449081838131 43.8475948959589 0.5900000000000001
    endloop
  endfacet
  facet normal 0 0 -1
    outer loop
      vertex 12.52449081838131 43.8475948959589 0.5900000000000001
      vertex 14.387000001966953 44.73470000326633 0.5900000000000001
      vertex 12.630363263189793 43.851329588890074 0.5900000000000001
    endloop
  endfacet
  facet normal 0 0 -1
    outer loop
      vertex 12.630363263189793 43.851329588890074 0.5900000000000001
      vertex 14.387000001966953 44.73470000326633 0.5900000000000001
      vertex 12.744817346334457 43.85755407959223 0.5900000000000001
    endloop
  endfacet
  facet normal 0 0 -1
    outer loop
      vertex 12.744817346334457 43.85755407959223 0.5900000000000001
      vertex 14.387000001966953 44.73470000326633 0.5900000000000001
      vertex 12.867853060364723 43.866268368065356 0.5900000000000001
    endloop
  endfacet
  facet normal 0 0 -1
    outer loop
      vertex 10.14795408397913 46.20628877878189 0.5900000000000001
      vertex 10.76919999718666 46.876199999451636 0.5900000000000001
      vertex 10.271711222827435 46.085681633651255 0.5900000000000001
    endloop
  endfacet
  facet normal 0 0 -1
    outer loop
      vertex 10.406329594552517 45.975456120073794 0.5900000000000001
      vertex 11.0512530580163 46.69766938835382 0.5900000000000001
      vertex 10.551809184253216 45.875612245500086 0.5900000000000001
    endloop
  endfacet
  facet normal 0 0 -1
    outer loop
      vertex 10.406329594552517 45.975456120073794 0.5900000000000001
      vertex 10.271711222827435 46.085681633651255 0.5900000000000001
      vertex 10.902684696018696 46.77949591875076 0.5900000000000001
    endloop
  endfacet
  facet normal 0 0 -1
    outer loop
      vertex 10.708149999380112 45.78615000247955 0.5900000000000001
      vertex 10.551809184253216 45.875612245500086 0.5900000000000001
      vertex 11.0512530580163 46.69766938835382 0.5900000000000001
    endloop
  endfacet
  facet normal 0 0 -1
    outer loop
      vertex 10.87360306084156 45.70788469314575 0.5900000000000001
      vertex 11.214905105531216 46.63072040826082 0.5900000000000001
      vertex 11.046390816569328 45.64166020750999 0.5900000000000001
    endloop
  endfacet
  facet normal 0 0 -1
    outer loop
      vertex 11.046390816569328 45.64166020750999 0.5900000000000001
      vertex 11.3936408162117 46.578648978471755 0.5900000000000001
      vertex 11.226513266563416 45.58747653067112 0.5900000000000001
    endloop
  endfacet
  facet normal 0 0 -1
    outer loop
      vertex 10.708149999380112 45.78615000247955 0.5900000000000001
      vertex 11.214905105531216 46.63072040826082 0.5900000000000001
      vertex 10.87360306084156 45.70788469314575 0.5900000000000001
    endloop
  endfacet
  facet normal 0 0 -1
    outer loop
      vertex 10.708149999380112 45.78615000247955 0.5900000000000001
      vertex 11.0512530580163 46.69766938835382 0.5900000000000001
      vertex 11.214905105531216 46.63072040826082 0.5900000000000001
    endloop
  endfacet
  facet normal 0 0 -1
    outer loop
      vertex 11.046390816569328 45.64166020750999 0.5900000000000001
      vertex 11.214905105531216 46.63072040826082 0.5900000000000001
      vertex 11.3936408162117 46.578648978471755 0.5900000000000001
    endloop
  endfacet
  facet normal 0 0 -1
    outer loop
      vertex 11.226513266563416 45.58747653067112 0.5900000000000001
      vertex 11.587460204958916 46.541455098986624 0.5900000000000001
      vertex 11.413970410823822 45.54533367007971 0.5900000000000001
    endloop
  endfacet
  facet normal 0 0 -1
    outer loop
      vertex 11.413970410823822 45.54533367007971 0.5900000000000001
      vertex 11.587460204958916 46.541455098986624 0.5900000000000001
      vertex 11.608762241899967 45.51523163318634 0.5900000000000001
    endloop
  endfacet
  facet normal 0 0 -1
    outer loop
      vertex 11.226513266563416 45.58747653067112 0.5900000000000001
      vertex 11.3936408162117 46.578648978471755 0.5900000000000001
      vertex 11.587460204958916 46.541455098986624 0.5900000000000001
    endloop
  endfacet
  facet normal 0 0 -1
    outer loop
      vertex 11.608762241899967 45.51523163318634 0.5900000000000001
      vertex 11.587460204958916 46.541455098986624 0.5900000000000001
      vertex 11.79636326432228 46.51913877725601 0.5900000000000001
    endloop
  endfacet
  facet normal 0 0 -1
    outer loop
      vertex 9.93302346765995 46.4786479562521 0.5900000000000001
      vertex 9.841849997639656 46.63040000349283 0.5900000000000001
      vertex 10.553297959268093 47.10953469723463 0.5900000000000001
    endloop
  endfacet
  facet normal 0 0 -1
    outer loop
      vertex 10.035058163106441 46.337277548015116 0.5900000000000001
      vertex 9.93302346765995 46.4786479562521 0.5900000000000001
      vertex 10.652253061532974 46.986605101823805 0.5900000000000001
    endloop
  endfacet
  facet normal 0 0 -1
    outer loop
      vertex 10.035058163106441 46.337277548015116 0.5900000000000001
      vertex 10.76919999718666 46.876199999451636 0.5900000000000001
      vertex 10.14795408397913 46.20628877878189 0.5900000000000001
    endloop
  endfacet
  facet normal 0 0 -1
    outer loop
      vertex 9.762244895100594 46.79106632769108 0.5900000000000001
      vertex 10.472334690392017 47.24498877823353 0.5900000000000001
      vertex 10.553297959268093 47.10953469723463 0.5900000000000001
    endloop
  endfacet
  facet normal 0 0 -1
    outer loop
      vertex 9.93302346765995 46.4786479562521 0.5900000000000001
      vertex 10.553297959268093 47.10953469723463 0.5900000000000001
      vertex 10.652253061532974 46.986605101823805 0.5900000000000001
    endloop
  endfacet
  facet normal 0 0 -1
    outer loop
      vertex 10.271711222827435 46.085681633651255 0.5900000000000001
      vertex 10.76919999718666 46.876199999451636 0.5900000000000001
      vertex 10.902684696018696 46.77949591875076 0.5900000000000001
    endloop
  endfacet
  facet normal 0 0 -1
    outer loop
      vertex 10.035058163106441 46.337277548015116 0.5900000000000001
      vertex 10.652253061532974 46.986605101823805 0.5900000000000001
      vertex 10.76919999718666 46.876199999451636 0.5900000000000001
    endloop
  endfacet
  facet normal 0 0 -1
    outer loop
      vertex 10.406329594552517 45.975456120073794 0.5900000000000001
      vertex 10.902684696018696 46.77949591875076 0.5900000000000001
      vertex 11.0512530580163 46.69766938835382 0.5900000000000001
    endloop
  endfacet
  facet normal 0 0 -1
    outer loop
      vertex 9.694886736571789 46.959208162128924 0.5900000000000001
      vertex 10.409363262355328 47.3929673448205 0.5900000000000001
      vertex 10.472334690392017 47.24498877823353 0.5900000000000001
    endloop
  endfacet
  facet normal 0 0 -1
    outer loop
      vertex 9.59691122174263 47.317918369174 0.5900000000000001
      vertex 10.364383675158024 47.553470404446124 0.5900000000000001
      vertex 10.409363262355328 47.3929673448205 0.5900000000000001
    endloop
  endfacet
  facet normal 0 0 -1
    outer loop
      vertex 9.566293880343437 47.50848673433065 0.5900000000000001
      vertex 10.337395921349525 47.7264979571104 0.5900000000000001
      vertex 10.364383675158024 47.553470404446124 0.5900000000000001
    endloop
  endfacet
  facet normal 0 0 -1
    outer loop
      vertex 9.547923468053341 47.706530609726904 0.5900000000000001
      vertex 10.328400000929832 47.91205000281334 0.5900000000000001
      vertex 10.337395921349525 47.7264979571104 0.5900000000000001
    endloop
  endfacet
  facet normal 0 0 -1
    outer loop
      vertex 11.608762241899967 45.51523163318634 0.5900000000000001
      vertex 11.79636326432228 46.51913877725601 0.5900000000000001
      vertex 11.810888774693012 45.497170405089854 0.5900000000000001
    endloop
  endfacet
  facet normal 0 0 -1
    outer loop
      vertex 11.810888774693012 45.497170405089854 0.5900000000000001
      vertex 12.020350001752377 46.51169999837875 0.5900000000000001
      vertex 12.020350001752377 45.49115000069141 0.5900000000000001
    endloop
  endfacet
  facet normal 0 0 -1
    outer loop
      vertex 11.810888774693012 45.497170405089854 0.5900000000000001
      vertex 11.79636326432228 46.51913877725601 0.5900000000000001
      vertex 12.020350001752377 46.51169999837875 0.5900000000000001
    endloop
  endfacet
  facet normal 0 0 -1
    outer loop
      vertex 12.020350001752377 45.49115000069141 0.5900000000000001
      vertex 12.020350001752377 46.51169999837875 0.5900000000000001
      vertex 12.234405100345612 46.51917346715927 0.5900000000000001
    endloop
  endfacet
  facet normal 0 0 -1
    outer loop
      vertex 12.020350001752377 45.49115000069141 0.5900000000000001
      vertex 12.234405100345612 46.51917346715927 0.5900000000000001
      vertex 12.334983676671982 45.50419388115406 0.5900000000000001
    endloop
  endfacet
  facet normal 0 0 -1
    outer loop
      vertex 12.334983676671982 45.50419388115406 0.5900000000000001
      vertex 12.43482755124569 46.5415938809514 0.5900000000000001
      vertex 12.629827551543713 45.54332550764084 0.5900000000000001
    endloop
  endfacet
  facet normal 0 0 -1
    outer loop
      vertex 12.334983676671982 45.50419388115406 0.5900000000000001
      vertex 12.234405100345612 46.51917346715927 0.5900000000000001
      vertex 12.43482755124569 46.5415938809514 0.5900000000000001
    endloop
  endfacet
  facet normal 0 0 -1
    outer loop
      vertex 12.629827551543713 45.54332550764084 0.5900000000000001
      vertex 12.43482755124569 46.5415938809514 0.5900000000000001
      vertex 12.62161734700203 46.57896122485399 0.5900000000000001
    endloop
  endfacet
  facet normal 0 0 -1
    outer loop
      vertex 12.629827551543713 45.54332550764084 0.5900000000000001
      vertex 12.62161734700203 46.57896122485399 0.5900000000000001
      vertex 12.90488163381815 45.60854489505291 0.5900000000000001
    endloop
  endfacet
  facet normal 0 0 -1
    outer loop
      vertex 12.90488163381815 45.60854489505291 0.5900000000000001
      vertex 12.794774487614632 46.631275513768195 0.5900000000000001
      vertex 13.160145916044712 45.69985204339027 0.5900000000000001
    endloop
  endfacet
  facet normal 0 0 -1
    outer loop
      vertex 12.90488163381815 45.60854489505291 0.5900000000000001
      vertex 12.62161734700203 46.57896122485399 0.5900000000000001
      vertex 12.794774487614632 46.631275513768195 0.5900000000000001
    endloop
  endfacet
  facet normal 0 0 -1
    outer loop
      vertex 13.160145916044712 45.69985204339027 0.5900000000000001
      vertex 12.794774487614632 46.631275513768195 0.5900000000000001
      vertex 12.954298980534077 46.69853673279285 0.5900000000000001
    endloop
  endfacet
  facet normal 0 0 -1
    outer loop
      vertex 13.160145916044712 45.69985204339027 0.5900000000000001
      vertex 12.954298980534077 46.69853673279285 0.5900000000000001
      vertex 13.39562040567398 45.81724693775177 0.5900000000000001
    endloop
  endfacet
  facet normal 0 0 -1
    outer loop
      vertex 13.39562040567398 45.81724693775177 0.5900000000000001
      vertex 12.954298980534077 46.69853673279285 0.5900000000000001
      vertex 13.611305102705956 45.96072959303856 0.5900000000000001
    endloop
  endfacet
  facet normal 0 0 -1
    outer loop
      vertex 13.611305102705956 45.96072959303856 0.5900000000000001
      vertex 12.954298980534077 46.69853673279285 0.5900000000000001
      vertex 13.100190818309784 46.78074489682913 0.5900000000000001
    endloop
  endfacet
  facet normal 0 0 -1
    outer loop
      vertex 13.807199999690056 46.13030000180006 0.5900000000000001
      vertex 13.100190818309784 46.78074489682913 0.5900000000000001
      vertex 13.232450000941753 46.877899998426436 0.5900000000000001
    endloop
  endfacet
  facet normal 1 0 0
    outer loop
      vertex 9.609600000083447 43.8463500007987 0.5900000000000001
      vertex 9.609600000083447 44.73470000326633 0
      vertex 9.609600000083447 44.73470000326633 0.5900000000000001
    endloop
  endfacet
  facet normal 1 0 0
    outer loop
      vertex 9.609600000083447 43.8463500007987 0.5900000000000001
      vertex 9.609600000083447 43.8463500007987 0
      vertex 9.609600000083447 44.73470000326633 0
    endloop
  endfacet
  facet normal 0.8960454646362616 0.4439623016707456 0
    outer loop
      vertex 9.841849997639656 46.63040000349283 0.5900000000000001
      vertex 9.762244895100594 46.79106632769108 0
      vertex 9.762244895100594 46.79106632769108 0.5900000000000001
    endloop
  endfacet
  facet normal 0.8571881450084202 0.5150033825685258 0
    outer loop
      vertex 9.93302346765995 46.4786479562521 0.5900000000000001
      vertex 9.841849997639656 46.63040000349283 0
      vertex 9.841849997639656 46.63040000349283 0.5900000000000001
    endloop
  endfacet
  facet normal 0.8108592919265322 0.5852411543085491 0
    outer loop
      vertex 10.035058163106441 46.337277548015116 0.5900000000000001
      vertex 9.93302346765995 46.4786479562521 0
      vertex 9.93302346765995 46.4786479562521 0.5900000000000001
    endloop
  endfacet
  facet normal 0.9282834793954422 0.3718733411814992 0
    outer loop
      vertex 9.762244895100594 46.79106632769108 0.5900000000000001
      vertex 9.694886736571789 46.959208162128924 0
      vertex 9.694886736571789 46.959208162128924 0.5900000000000001
    endloop
  endfacet
  facet normal 0.9541222900705604 0.2994171932112606 0
    outer loop
      vertex 9.63977550715208 47.13482550680637 0.5900000000000001
      vertex 9.694886736571789 46.959208162128924 0.5900000000000001
      vertex 9.63977550715208 47.13482550680637 0
    endloop
  endfacet
  facet normal 0.9736731148374679 0.22794882198138938 0
    outer loop
      vertex 9.63977550715208 47.13482550680637 0.5900000000000001
      vertex 9.59691122174263 47.317918369174 0
      vertex 9.59691122174263 47.317918369174 0.5900000000000001
    endloop
  endfacet
  facet normal 0.9873382575619556 0.15862901737866744 0
    outer loop
      vertex 9.59691122174263 47.317918369174 0.5900000000000001
      vertex 9.566293880343437 47.50848673433065 0
      vertex 9.566293880343437 47.50848673433065 0.5900000000000001
    endloop
  endfacet
  facet normal 0.9957254207363413 0.09236279824386016 0
    outer loop
      vertex 9.566293880343437 47.50848673433065 0.5900000000000001
      vertex 9.547923468053341 47.706530609726904 0
      vertex 9.547923468053341 47.706530609726904 0.5900000000000001
    endloop
  endfacet
  facet normal 0.9995564217005672 0.02978187094790715 0
    outer loop
      vertex 9.547923468053341 47.706530609726904 0.5900000000000001
      vertex 9.541799999773502 47.91205000281334 0
      vertex 9.541799999773502 47.91205000281334 0.5900000000000001
    endloop
  endfacet
  facet normal 0.8108592919265322 0.5852411543085491 0
    outer loop
      vertex 10.035058163106441 46.337277548015116 0.5900000000000001
      vertex 10.035058163106441 46.337277548015116 0
      vertex 9.93302346765995 46.4786479562521 0
    endloop
  endfacet
  facet normal 0.8960454646362616 0.4439623016707456 0
    outer loop
      vertex 9.841849997639656 46.63040000349283 0.5900000000000001
      vertex 9.841849997639656 46.63040000349283 0
      vertex 9.762244895100594 46.79106632769108 0
    endloop
  endfacet
  facet normal 0.8571881450084202 0.5150033825685258 0
    outer loop
      vertex 9.93302346765995 46.4786479562521 0.5900000000000001
      vertex 9.93302346765995 46.4786479562521 0
      vertex 9.841849997639656 46.63040000349283 0
    endloop
  endfacet
  facet normal 0.9282834793954422 0.3718733411814992 0
    outer loop
      vertex 9.762244895100594 46.79106632769108 0.5900000000000001
      vertex 9.762244895100594 46.79106632769108 0
      vertex 9.694886736571789 46.959208162128924 0
    endloop
  endfacet
  facet normal 0.9541222900705604 0.2994171932112606 0
    outer loop
      vertex 9.694886736571789 46.959208162128924 0.5900000000000001
      vertex 9.694886736571789 46.959208162128924 0
      vertex 9.63977550715208 47.13482550680637 0
    endloop
  endfacet
  facet normal 0.9736731148374679 0.22794882198138938 0
    outer loop
      vertex 9.63977550715208 47.13482550680637 0.5900000000000001
      vertex 9.63977550715208 47.13482550680637 0
      vertex 9.59691122174263 47.317918369174 0
    endloop
  endfacet
  facet normal 0.9873382575619556 0.15862901737866744 0
    outer loop
      vertex 9.59691122174263 47.317918369174 0.5900000000000001
      vertex 9.59691122174263 47.317918369174 0
      vertex 9.566293880343437 47.50848673433065 0
    endloop
  endfacet
  facet normal 0.9957254207363413 0.09236279824386016 0
    outer loop
      vertex 9.566293880343437 47.50848673433065 0.5900000000000001
      vertex 9.566293880343437 47.50848673433065 0
      vertex 9.547923468053341 47.706530609726904 0
    endloop
  endfacet
  facet normal 0.9995564217005672 0.02978187094790715 0
    outer loop
      vertex 9.547923468053341 47.706530609726904 0.5900000000000001
      vertex 9.547923468053341 47.706530609726904 0
      vertex 9.541799999773502 47.91205000281334 0
    endloop
  endfacet
  facet normal 0 1 0
    outer loop
      vertex 9.609600000083447 43.8463500007987 0.5900000000000001
      vertex 12.427199997007847 43.8463500007987 0.5900000000000001
      vertex 9.609600000083447 43.8463500007987 0
    endloop
  endfacet
  facet normal -0.49485299184684184 0.8689767065118774 0
    outer loop
      vertex 10.67764999717474 41.479700000584124 0.5900000000000001
      vertex 14.387000001966953 43.592050002515315 0.5900000000000001
      vertex 10.67764999717474 41.479700000584124 0
    endloop
  endfacet
  facet normal 0.49249646245425494 -0.8703144457436315 4.451663508742171e-17
    outer loop
      vertex 9.609600000083447 41.82554999887943 0.5900000000000001
      vertex 13.288450002670288 43.907349997758864 0
      vertex 13.288450002670288 43.907349997758864 0.5900000000000001
    endloop
  endfacet
  facet normal -0.012794560096296889 0.9999181462659542 0
    outer loop
      vertex 12.427199997007847 43.8463500007987 0.5900000000000001
      vertex 12.52449081838131 43.8475948959589 0.5900000000000001
      vertex 12.427199997007847 43.8463500007987 0
    endloop
  endfacet
  facet normal -0.035253473785220424 0.9993784031016855 0
    outer loop
      vertex 12.52449081838131 43.8475948959589 0.5900000000000001
      vertex 12.630363263189793 43.851329588890074 0.5900000000000001
      vertex 12.52449081838131 43.8475948959589 0
    endloop
  endfacet
  facet normal -0.054303926986781326 0.9985244531376356 0
    outer loop
      vertex 12.630363263189793 43.851329588890074 0.5900000000000001
      vertex 12.744817346334457 43.85755407959223 0.5900000000000001
      vertex 12.630363263189793 43.851329588890074 0
    endloop
  endfacet
  facet normal -0.07065032124086837 0.9975011439134103 0
    outer loop
      vertex 12.744817346334457 43.85755407959223 0.5900000000000001
      vertex 12.867853060364723 43.866268368065356 0.5900000000000001
      vertex 12.744817346334457 43.85755407959223 0
    endloop
  endfacet
  facet normal -0.08481939166148023 0.9963963422244063 0
    outer loop
      vertex 12.867853060364723 43.866268368065356 0.5900000000000001
      vertex 12.99947040528059 43.87747244685888 0.5900000000000001
      vertex 12.867853060364723 43.866268368065356 0
    endloop
  endfacet
  facet normal -0.09721196226642416 0.9952637009317237 0
    outer loop
      vertex 12.99947040528059 43.87747244685888 0.5900000000000001
      vertex 13.139669388532639 43.891166323423384 0.5900000000000001
      vertex 12.99947040528059 43.87747244685888 0
    endloop
  endfacet
  facet normal -0.10813755812328643 0.9941359406656279 0
    outer loop
      vertex 13.139669388532639 43.891166323423384 0.5900000000000001
      vertex 13.288450002670288 43.907349997758864 0.5900000000000001
      vertex 13.139669388532639 43.891166323423384 0
    endloop
  endfacet
  facet normal 0 -1 0
    outer loop
      vertex 9.609600000083447 44.73470000326633 0.5900000000000001
      vertex 14.387000001966953 44.73470000326633 0
      vertex 14.387000001966953 44.73470000326633 0.5900000000000001
    endloop
  endfacet
  facet normal 0.49249646245425494 -0.8703144457436315 0
    outer loop
      vertex 9.609600000083447 41.82554999887943 0.5900000000000001
      vertex 9.609600000083447 41.82554999887943 0
      vertex 13.288450002670288 43.907349997758864 0
    endloop
  endfacet
  facet normal 0 1 0
    outer loop
      vertex 12.427199997007847 43.8463500007987 0.5900000000000001
      vertex 12.427199997007847 43.8463500007987 0
      vertex 9.609600000083447 43.8463500007987 0
    endloop
  endfacet
  facet normal 0 -1 0
    outer loop
      vertex 9.609600000083447 44.73470000326633 0.5900000000000001
      vertex 9.609600000083447 44.73470000326633 0
      vertex 14.387000001966953 44.73470000326633 0
    endloop
  endfacet
  facet normal -0.49485299184684184 0.8689767065118774 0
    outer loop
      vertex 14.387000001966953 43.592050002515315 0.5900000000000001
      vertex 14.387000001966953 43.592050002515315 0
      vertex 10.67764999717474 41.479700000584124 0
    endloop
  endfacet
  facet normal -0.012794560096296889 0.9999181462659542 0
    outer loop
      vertex 12.52449081838131 43.8475948959589 0.5900000000000001
      vertex 12.52449081838131 43.8475948959589 0
      vertex 12.427199997007847 43.8463500007987 0
    endloop
  endfacet
  facet normal -0.035253473785220424 0.9993784031016855 0
    outer loop
      vertex 12.630363263189793 43.851329588890074 0.5900000000000001
      vertex 12.630363263189793 43.851329588890074 0
      vertex 12.52449081838131 43.8475948959589 0
    endloop
  endfacet
  facet normal -0.054303926986781326 0.9985244531376356 0
    outer loop
      vertex 12.744817346334457 43.85755407959223 0.5900000000000001
      vertex 12.744817346334457 43.85755407959223 0
      vertex 12.630363263189793 43.851329588890074 0
    endloop
  endfacet
  facet normal -0.07065032124086837 0.9975011439134103 0
    outer loop
      vertex 12.867853060364723 43.866268368065356 0.5900000000000001
      vertex 12.867853060364723 43.866268368065356 0
      vertex 12.744817346334457 43.85755407959223 0
    endloop
  endfacet
  facet normal -0.08481939166148023 0.9963963422244063 0
    outer loop
      vertex 12.99947040528059 43.87747244685888 0.5900000000000001
      vertex 12.99947040528059 43.87747244685888 0
      vertex 12.867853060364723 43.866268368065356 0
    endloop
  endfacet
  facet normal -0.09721196226642416 0.9952637009317237 0
    outer loop
      vertex 13.139669388532639 43.891166323423384 0.5900000000000001
      vertex 13.139669388532639 43.891166323423384 0
      vertex 12.99947040528059 43.87747244685888 0
    endloop
  endfacet
  facet normal -0.10813755812328643 0.9941359406656279 0
    outer loop
      vertex 13.288450002670288 43.907349997758864 0.5900000000000001
      vertex 13.288450002670288 43.907349997758864 0
      vertex 13.139669388532639 43.891166323423384 0
    endloop
  endfacet
  facet normal 0.5658615317226552 0.8245002892155286 0
    outer loop
      vertex 10.406329594552517 45.975456120073794 0.5900000000000001
      vertex 10.551809184253216 45.875612245500086 0.5900000000000001
      vertex 10.406329594552517 45.975456120073794 0
    endloop
  endfacet
  facet normal 0.6979337909129111 0.7161622885226034 0
    outer loop
      vertex 10.14795408397913 46.20628877878189 0.5900000000000001
      vertex 10.271711222827435 46.085681633651255 0.5900000000000001
      vertex 10.14795408397913 46.20628877878189 0
    endloop
  endfacet
  facet normal 0.7574826882673746 0.6528552496344279 0
    outer loop
      vertex 10.035058163106441 46.337277548015116 0.5900000000000001
      vertex 10.14795408397913 46.20628877878189 0.5900000000000001
      vertex 10.035058163106441 46.337277548015116 0
    endloop
  endfacet
  facet normal 0.6335242225110262 0.7737228570307328 0
    outer loop
      vertex 10.406329594552517 45.975456120073794 0.5900000000000001
      vertex 10.271711222827435 46.085681633651255 0
      vertex 10.271711222827435 46.085681633651255 0.5900000000000001
    endloop
  endfacet
  facet normal 0.4966604521690624 0.8679449263929263 0
    outer loop
      vertex 10.708149999380112 45.78615000247955 0.5900000000000001
      vertex 10.551809184253216 45.875612245500086 0
      vertex 10.551809184253216 45.875612245500086 0.5900000000000001
    endloop
  endfacet
  facet normal 0.4276079524812403 0.9039642907630818 0
    outer loop
      vertex 10.708149999380112 45.78615000247955 0.5900000000000001
      vertex 10.87360306084156 45.70788469314575 0.5900000000000001
      vertex 10.708149999380112 45.78615000247955 0
    endloop
  endfacet
  facet normal 0.2880645098378262 0.9576110056656058 0
    outer loop
      vertex 11.046390816569328 45.64166020750999 0.5900000000000001
      vertex 11.226513266563416 45.58747653067112 0.5900000000000001
      vertex 11.046390816569328 45.64166020750999 0
    endloop
  endfacet
  facet normal 0.21933882206134295 0.9756487488521381 0
    outer loop
      vertex 11.226513266563416 45.58747653067112 0.5900000000000001
      vertex 11.413970410823822 45.54533367007971 0.5900000000000001
      vertex 11.226513266563416 45.58747653067112 0
    endloop
  endfacet
  facet normal 0.1527215867216676 0.9882692532651292 0
    outer loop
      vertex 11.413970410823822 45.54533367007971 0.5900000000000001
      vertex 11.608762241899967 45.51523163318634 0.5900000000000001
      vertex 11.413970410823822 45.54533367007971 0
    endloop
  endfacet
  facet normal 0.08900143795726922 0.9960314975147817 0
    outer loop
      vertex 11.608762241899967 45.51523163318634 0.5900000000000001
      vertex 11.810888774693012 45.497170405089854 0.5900000000000001
      vertex 11.608762241899967 45.51523163318634 0
    endloop
  endfacet
  facet normal 0.3578850265037662 0.9337656600049065 0
    outer loop
      vertex 10.87360306084156 45.70788469314575 0.5900000000000001
      vertex 11.046390816569328 45.64166020750999 0.5900000000000001
      vertex 10.87360306084156 45.70788469314575 0
    endloop
  endfacet
  facet normal -0.7789752556759275 -0.627054663521948 0
    outer loop
      vertex 10.553297959268093 47.10953469723463 0.5900000000000001
      vertex 10.652253061532974 46.986605101823805 0
      vertex 10.652253061532974 46.986605101823805 0.5900000000000001
    endloop
  endfacet
  facet normal -0.6864763494428205 -0.7271521310260038 0
    outer loop
      vertex 10.76919999718666 46.876199999451636 0.5900000000000001
      vertex 10.652253061532974 46.986605101823805 0.5900000000000001
      vertex 10.76919999718666 46.876199999451636 0
    endloop
  endfacet
  facet normal -0.5866799252123385 -0.8098189089869691 0
    outer loop
      vertex 10.76919999718666 46.876199999451636 0.5900000000000001
      vertex 10.902684696018696 46.77949591875076 0
      vertex 10.902684696018696 46.77949591875076 0.5900000000000001
    endloop
  endfacet
  facet normal -0.9201505464350941 -0.39156477356268615 0
    outer loop
      vertex 10.409363262355328 47.3929673448205 0.5900000000000001
      vertex 10.472334690392017 47.24498877823353 0
      vertex 10.472334690392017 47.24498877823353 0.5900000000000001
    endloop
  endfacet
  facet normal -0.9629036659594983 -0.26984538180550527 0
    outer loop
      vertex 10.409363262355328 47.3929673448205 0.5900000000000001
      vertex 10.364383675158024 47.553470404446124 0.5900000000000001
      vertex 10.409363262355328 47.3929673448205 0
    endloop
  endfacet
  facet normal -0.9880536319426041 -0.1541104162768668 0
    outer loop
      vertex 10.364383675158024 47.553470404446124 0.5900000000000001
      vertex 10.337395921349525 47.7264979571104 0.5900000000000001
      vertex 10.364383675158024 47.553470404446124 0
    endloop
  endfacet
  facet normal -0.9988268192232966 -0.04842504724077943 0
    outer loop
      vertex 10.337395921349525 47.7264979571104 0.5900000000000001
      vertex 10.328400000929832 47.91205000281334 0.5900000000000001
      vertex 10.337395921349525 47.7264979571104 0
    endloop
  endfacet
  facet normal -0.8583560836968626 -0.513054415808484 0
    outer loop
      vertex 10.553297959268093 47.10953469723463 0.5900000000000001
      vertex 10.472334690392017 47.24498877823353 0.5900000000000001
      vertex 10.553297959268093 47.10953469723463 0
    endloop
  endfacet
  facet normal -0.4824343809019856 -0.8759321138785345 0
    outer loop
      vertex 10.902684696018696 46.77949591875076 0.5900000000000001
      vertex 11.0512530580163 46.69766938835382 0
      vertex 11.0512530580163 46.69766938835382 0.5900000000000001
    endloop
  endfacet
  facet normal -0.37863485727246154 -0.9255461332955061 0
    outer loop
      vertex 11.0512530580163 46.69766938835382 0.5900000000000001
      vertex 11.214905105531216 46.63072040826082 0
      vertex 11.214905105531216 46.63072040826082 0.5900000000000001
    endloop
  endfacet
  facet normal -0.18846097230312997 -0.9820806799436383 0
    outer loop
      vertex 11.587460204958916 46.541455098986624 0.5900000000000001
      vertex 11.3936408162117 46.578648978471755 0.5900000000000001
      vertex 11.587460204958916 46.541455098986624 0
    endloop
  endfacet
  facet normal -0.27970385714367607 -0.9600863254410772 0
    outer loop
      vertex 11.214905105531216 46.63072040826082 0.5900000000000001
      vertex 11.3936408162117 46.578648978471755 0
      vertex 11.3936408162117 46.578648978471755 0.5900000000000001
    endloop
  endfacet
  facet normal -0.10622183442195181 -0.9943424570499015 0
    outer loop
      vertex 11.587460204958916 46.541455098986624 0.5900000000000001
      vertex 11.79636326432228 46.51913877725601 0
      vertex 11.79636326432228 46.51913877725601 0.5900000000000001
    endloop
  endfacet
  facet normal 0.028730468303066536 0.9995871948915145 0
    outer loop
      vertex 11.810888774693012 45.497170405089854 0.5900000000000001
      vertex 12.020350001752377 45.49115000069141 0.5900000000000001
      vertex 11.810888774693012 45.497170405089854 0
    endloop
  endfacet
  facet normal -0.04142177583145535 0.9991417499469074 0
    outer loop
      vertex 12.020350001752377 45.49115000069141 0.5900000000000001
      vertex 12.334983676671982 45.50419388115406 0.5900000000000001
      vertex 12.020350001752377 45.49115000069141 0
    endloop
  endfacet
  facet normal -0.1315661406126974 0.9913073946280638 0
    outer loop
      vertex 12.334983676671982 45.50419388115406 0.5900000000000001
      vertex 12.629827551543713 45.54332550764084 0.5900000000000001
      vertex 12.334983676671982 45.50419388115406 0
    endloop
  endfacet
  facet normal -0.23071759940557734 0.9730207548272173 0
    outer loop
      vertex 12.629827551543713 45.54332550764084 0.5900000000000001
      vertex 12.90488163381815 45.60854489505291 0.5900000000000001
      vertex 12.629827551543713 45.54332550764084 0
    endloop
  endfacet
  facet normal -0.3367987095942798 0.9415766719793072 0
    outer loop
      vertex 12.90488163381815 45.60854489505291 0.5900000000000001
      vertex 13.160145916044712 45.69985204339027 0.5900000000000001
      vertex 12.90488163381815 45.60854489505291 0
    endloop
  endfacet
  facet normal -0.44617237981053753 0.8949470417260462 0
    outer loop
      vertex 13.160145916044712 45.69985204339027 0.5900000000000001
      vertex 13.39562040567398 45.81724693775177 0.5900000000000001
      vertex 13.160145916044712 45.69985204339027 0
    endloop
  endfacet
  facet normal -0.033192500704790164 -0.9994489771353827 0
    outer loop
      vertex 11.79636326432228 46.51913877725601 0.5900000000000001
      vertex 12.020350001752377 46.51169999837875 0
      vertex 12.020350001752377 46.51169999837875 0.5900000000000001
    endloop
  endfacet
  facet normal 0.034892502068951795 -0.9993910712525742 0
    outer loop
      vertex 12.020350001752377 46.51169999837875 0.5900000000000001
      vertex 12.234405100345612 46.51917346715927 0
      vertex 12.234405100345612 46.51917346715927 0.5900000000000001
    endloop
  endfacet
  facet normal 0.1111723399343352 -0.9938011424996073 0
    outer loop
      vertex 12.234405100345612 46.51917346715927 0.5900000000000001
      vertex 12.43482755124569 46.5415938809514 0
      vertex 12.43482755124569 46.5415938809514 0.5900000000000001
    endloop
  endfacet
  facet normal 0.19616350622167142 -0.9805712002842121 0
    outer loop
      vertex 12.43482755124569 46.5415938809514 0.5900000000000001
      vertex 12.62161734700203 46.57896122485399 0
      vertex 12.62161734700203 46.57896122485399 0.5900000000000001
    endloop
  endfacet
  facet normal 0.2892094525101717 -0.9572658421665147 0
    outer loop
      vertex 12.62161734700203 46.57896122485399 0.5900000000000001
      vertex 12.794774487614632 46.631275513768195 0
      vertex 12.794774487614632 46.631275513768195 0.5900000000000001
    endloop
  endfacet
  facet normal 0.38851330030926057 -0.9214431157064479 0
    outer loop
      vertex 12.794774487614632 46.631275513768195 0.5900000000000001
      vertex 12.954298980534077 46.69853673279285 0
      vertex 12.954298980534077 46.69853673279285 0.5900000000000001
    endloop
  endfacet
  facet normal 0.49091435172410913 -0.871207839307761 0
    outer loop
      vertex 12.954298980534077 46.69853673279285 0.5900000000000001
      vertex 13.100190818309784 46.78074489682913 0
      vertex 13.100190818309784 46.78074489682913 0.5900000000000001
    endloop
  endfacet
  facet normal 0.5920174267931554 -0.8059251617695102 0
    outer loop
      vertex 13.100190818309784 46.78074489682913 0.5900000000000001
      vertex 13.232450000941753 46.877899998426436 0
      vertex 13.232450000941753 46.877899998426436 0.5900000000000001
    endloop
  endfacet
  facet normal 0.688673698584286 -0.7250714012276583 0
    outer loop
      vertex 13.232450000941753 46.877899998426436 0.5900000000000001
      vertex 13.348945915699005 46.98854795992374 0
      vertex 13.348945915699005 46.98854795992374 0.5900000000000001
    endloop
  endfacet
  facet normal 0.6335242225110262 0.7737228570307328 0
    outer loop
      vertex 10.406329594552517 45.975456120073794 0.5900000000000001
      vertex 10.406329594552517 45.975456120073794 0
      vertex 10.271711222827435 46.085681633651255 0
    endloop
  endfacet
  facet normal 0.6979337909129111 0.7161622885226034 0
    outer loop
      vertex 10.271711222827435 46.085681633651255 0.5900000000000001
      vertex 10.271711222827435 46.085681633651255 0
      vertex 10.14795408397913 46.20628877878189 0
    endloop
  endfacet
  facet normal 0.7574826882673746 0.6528552496344279 0
    outer loop
      vertex 10.14795408397913 46.20628877878189 0.5900000000000001
      vertex 10.14795408397913 46.20628877878189 0
      vertex 10.035058163106441 46.337277548015116 0
    endloop
  endfacet
  facet normal 0.4966604521690624 0.8679449263929263 0
    outer loop
      vertex 10.708149999380112 45.78615000247955 0.5900000000000001
      vertex 10.708149999380112 45.78615000247955 0
      vertex 10.551809184253216 45.875612245500086 0
    endloop
  endfacet
  facet normal 0.5658615317226552 0.8245002892155286 0
    outer loop
      vertex 10.551809184253216 45.875612245500086 0.5900000000000001
      vertex 10.551809184253216 45.875612245500086 0
      vertex 10.406329594552517 45.975456120073794 0
    endloop
  endfacet
  facet normal 0.4276079524812403 0.9039642907630818 0
    outer loop
      vertex 10.87360306084156 45.70788469314575 0.5900000000000001
      vertex 10.87360306084156 45.70788469314575 0
      vertex 10.708149999380112 45.78615000247955 0
    endloop
  endfacet
  facet normal 0.2880645098378262 0.9576110056656058 0
    outer loop
      vertex 11.226513266563416 45.58747653067112 0.5900000000000001
      vertex 11.226513266563416 45.58747653067112 0
      vertex 11.046390816569328 45.64166020750999 0
    endloop
  endfacet
  facet normal 0.21933882206134295 0.9756487488521381 0
    outer loop
      vertex 11.413970410823822 45.54533367007971 0.5900000000000001
      vertex 11.413970410823822 45.54533367007971 0
      vertex 11.226513266563416 45.58747653067112 0
    endloop
  endfacet
  facet normal 0.1527215867216676 0.9882692532651292 0
    outer loop
      vertex 11.608762241899967 45.51523163318634 0.5900000000000001
      vertex 11.608762241899967 45.51523163318634 0
      vertex 11.413970410823822 45.54533367007971 0
    endloop
  endfacet
  facet normal 0.3578850265037662 0.9337656600049065 0
    outer loop
      vertex 11.046390816569328 45.64166020750999 0.5900000000000001
      vertex 11.046390816569328 45.64166020750999 0
      vertex 10.87360306084156 45.70788469314575 0
    endloop
  endfacet
  facet normal -0.7789752556759275 -0.627054663521948 0
    outer loop
      vertex 10.553297959268093 47.10953469723463 0.5900000000000001
      vertex 10.553297959268093 47.10953469723463 0
      vertex 10.652253061532974 46.986605101823805 0
    endloop
  endfacet
  facet normal -0.6864763494428205 -0.7271521310260038 0
    outer loop
      vertex 10.652253061532974 46.986605101823805 0.5900000000000001
      vertex 10.652253061532974 46.986605101823805 0
      vertex 10.76919999718666 46.876199999451636 0
    endloop
  endfacet
  facet normal -0.5866799252123385 -0.8098189089869691 0
    outer loop
      vertex 10.76919999718666 46.876199999451636 0.5900000000000001
      vertex 10.76919999718666 46.876199999451636 0
      vertex 10.902684696018696 46.77949591875076 0
    endloop
  endfacet
  facet normal -0.9201505464350941 -0.39156477356268615 0
    outer loop
      vertex 10.409363262355328 47.3929673448205 0.5900000000000001
      vertex 10.409363262355328 47.3929673448205 0
      vertex 10.472334690392017 47.24498877823353 0
    endloop
  endfacet
  facet normal -0.9629036659594983 -0.26984538180550527 0
    outer loop
      vertex 10.364383675158024 47.553470404446124 0.5900000000000001
      vertex 10.364383675158024 47.553470404446124 0
      vertex 10.409363262355328 47.3929673448205 0
    endloop
  endfacet
  facet normal -0.9880536319426041 -0.1541104162768668 0
    outer loop
      vertex 10.337395921349525 47.7264979571104 0.5900000000000001
      vertex 10.337395921349525 47.7264979571104 0
      vertex 10.364383675158024 47.553470404446124 0
    endloop
  endfacet
  facet normal -0.9988268192232966 -0.04842504724077943 0
    outer loop
      vertex 10.328400000929832 47.91205000281334 0.5900000000000001
      vertex 10.328400000929832 47.91205000281334 0
      vertex 10.337395921349525 47.7264979571104 0
    endloop
  endfacet
  facet normal -0.8583560836968626 -0.513054415808484 0
    outer loop
      vertex 10.472334690392017 47.24498877823353 0.5900000000000001
      vertex 10.472334690392017 47.24498877823353 0
      vertex 10.553297959268093 47.10953469723463 0
    endloop
  endfacet
  facet normal -0.4824343809019856 -0.8759321138785345 0
    outer loop
      vertex 10.902684696018696 46.77949591875076 0.5900000000000001
      vertex 10.902684696018696 46.77949591875076 0
      vertex 11.0512530580163 46.69766938835382 0
    endloop
  endfacet
  facet normal -0.37863485727246154 -0.9255461332955061 0
    outer loop
      vertex 11.0512530580163 46.69766938835382 0.5900000000000001
      vertex 11.0512530580163 46.69766938835382 0
      vertex 11.214905105531216 46.63072040826082 0
    endloop
  endfacet
  facet normal -0.27970385714367607 -0.9600863254410772 0
    outer loop
      vertex 11.214905105531216 46.63072040826082 0.5900000000000001
      vertex 11.214905105531216 46.63072040826082 0
      vertex 11.3936408162117 46.578648978471755 0
    endloop
  endfacet
  facet normal -0.18846097230312997 -0.9820806799436383 0
    outer loop
      vertex 11.3936408162117 46.578648978471755 0.5900000000000001
      vertex 11.3936408162117 46.578648978471755 0
      vertex 11.587460204958916 46.541455098986624 0
    endloop
  endfacet
  facet normal -0.10622183442195181 -0.9943424570499015 0
    outer loop
      vertex 11.587460204958916 46.541455098986624 0.5900000000000001
      vertex 11.587460204958916 46.541455098986624 0
      vertex 11.79636326432228 46.51913877725601 0
    endloop
  endfacet
  facet normal 0.08900143795726922 0.9960314975147817 0
    outer loop
      vertex 11.810888774693012 45.497170405089854 0.5900000000000001
      vertex 11.810888774693012 45.497170405089854 0
      vertex 11.608762241899967 45.51523163318634 0
    endloop
  endfacet
  facet normal 0.028730468303066536 0.9995871948915145 0
    outer loop
      vertex 12.020350001752377 45.49115000069141 0.5900000000000001
      vertex 12.020350001752377 45.49115000069141 0
      vertex 11.810888774693012 45.497170405089854 0
    endloop
  endfacet
  facet normal -0.04142177583145535 0.9991417499469074 0
    outer loop
      vertex 12.334983676671982 45.50419388115406 0.5900000000000001
      vertex 12.334983676671982 45.50419388115406 0
      vertex 12.020350001752377 45.49115000069141 0
    endloop
  endfacet
  facet normal -0.1315661406126974 0.9913073946280638 0
    outer loop
      vertex 12.629827551543713 45.54332550764084 0.5900000000000001
      vertex 12.629827551543713 45.54332550764084 0
      vertex 12.334983676671982 45.50419388115406 0
    endloop
  endfacet
  facet normal -0.23071759940557734 0.9730207548272173 0
    outer loop
      vertex 12.90488163381815 45.60854489505291 0.5900000000000001
      vertex 12.90488163381815 45.60854489505291 0
      vertex 12.629827551543713 45.54332550764084 0
    endloop
  endfacet
  facet normal -0.3367987095942798 0.9415766719793072 0
    outer loop
      vertex 13.160145916044712 45.69985204339027 0.5900000000000001
      vertex 13.160145916044712 45.69985204339027 0
      vertex 12.90488163381815 45.60854489505291 0
    endloop
  endfacet
  facet normal -0.44617237981053753 0.8949470417260462 0
    outer loop
      vertex 13.39562040567398 45.81724693775177 0.5900000000000001
      vertex 13.39562040567398 45.81724693775177 0
      vertex 13.160145916044712 45.69985204339027 0
    endloop
  endfacet
  facet normal -0.033192500704790164 -0.9994489771353827 0
    outer loop
      vertex 11.79636326432228 46.51913877725601 0.5900000000000001
      vertex 11.79636326432228 46.51913877725601 0
      vertex 12.020350001752377 46.51169999837875 0
    endloop
  endfacet
  facet normal 0.034892502068951795 -0.9993910712525742 0
    outer loop
      vertex 12.020350001752377 46.51169999837875 0.5900000000000001
      vertex 12.020350001752377 46.51169999837875 0
      vertex 12.234405100345612 46.51917346715927 0
    endloop
  endfacet
  facet normal 0.1111723399343352 -0.9938011424996073 0
    outer loop
      vertex 12.234405100345612 46.51917346715927 0.5900000000000001
      vertex 12.234405100345612 46.51917346715927 0
      vertex 12.43482755124569 46.5415938809514 0
    endloop
  endfacet
  facet normal 0.19616350622167142 -0.9805712002842121 0
    outer loop
      vertex 12.43482755124569 46.5415938809514 0.5900000000000001
      vertex 12.43482755124569 46.5415938809514 0
      vertex 12.62161734700203 46.57896122485399 0
    endloop
  endfacet
  facet normal 0.2892094525101717 -0.9572658421665147 0
    outer loop
      vertex 12.62161734700203 46.57896122485399 0.5900000000000001
      vertex 12.62161734700203 46.57896122485399 0
      vertex 12.794774487614632 46.631275513768195 0
    endloop
  endfacet
  facet normal 0.38851330030926057 -0.9214431157064479 0
    outer loop
      vertex 12.794774487614632 46.631275513768195 0.5900000000000001
      vertex 12.794774487614632 46.631275513768195 0
      vertex 12.954298980534077 46.69853673279285 0
    endloop
  endfacet
  facet normal 0.49091435172410913 -0.871207839307761 0
    outer loop
      vertex 12.954298980534077 46.69853673279285 0.5900000000000001
      vertex 12.954298980534077 46.69853673279285 0
      vertex 13.100190818309784 46.78074489682913 0
    endloop
  endfacet
  facet normal 0.5920174267931554 -0.8059251617695102 0
    outer loop
      vertex 13.100190818309784 46.78074489682913 0.5900000000000001
      vertex 13.100190818309784 46.78074489682913 0
      vertex 13.232450000941753 46.877899998426436 0
    endloop
  endfacet
  facet normal 0.688673698584286 -0.7250714012276583 0
    outer loop
      vertex 13.232450000941753 46.877899998426436 0.5900000000000001
      vertex 13.232450000941753 46.877899998426436 0
      vertex 13.348945915699005 46.98854795992374 0
    endloop
  endfacet
  facet normal 0.7795526390749952 -0.6263367168793559 0
    outer loop
      vertex 13.348945915699005 46.98854795992374 0.5900000000000001
      vertex 13.348945915699005 46.98854795992374 0
      vertex 13.44751938432455 47.11123469620943 0
    endloop
  endfacet
  facet normal 0 0 -1
    outer loop
      vertex 13.613949999213219 36.01704999953508 0.5900000000000001
      vertex 13.613949999213219 37.56319999843836 0.5900000000000001
      vertex 14.387000001966953 36.01704999953508 0.5900000000000001
    endloop
  endfacet
  facet normal 0 0 -1
    outer loop
      vertex 14.387000001966953 36.01704999953508 0.5900000000000001
      vertex 13.613949999213219 37.56319999843836 0.5900000000000001
      vertex 13.613949999213219 38.56345000267029 0.5900000000000001
    endloop
  endfacet
  facet normal 0 0 -1
    outer loop
      vertex 14.387000001966953 36.01704999953508 0.5900000000000001
      vertex 13.613949999213219 38.56345000267029 0.5900000000000001
      vertex 14.387000001966953 40.106150002777575 0.5900000000000001
    endloop
  endfacet
  facet normal 0 0 -1
    outer loop
      vertex 13.613949999213219 38.56345000267029 0.5900000000000001
      vertex 13.613949999213219 40.106150002777575 0.5900000000000001
      vertex 14.387000001966953 40.106150002777575 0.5900000000000001
    endloop
  endfacet
  facet normal 0 0 -1
    outer loop
      vertex 11.61005000025034 41.54069999754429 0.5900000000000001
      vertex 14.387000001966953 41.54069999754429 0.5900000000000001
      vertex 14.387000001966953 40.652350002527236 0.5900000000000001
    endloop
  endfacet
  facet normal 0 1 0
    outer loop
      vertex 13.613949999213219 36.01704999953508 0.5900000000000001
      vertex 14.387000001966953 36.01704999953508 0.5900000000000001
      vertex 13.613949999213219 36.01704999953508 0
    endloop
  endfacet
  facet normal 1 0 0
    outer loop
      vertex 13.613949999213219 36.01704999953508 0.5900000000000001
      vertex 13.613949999213219 37.56319999843836 0
      vertex 13.613949999213219 37.56319999843836 0.5900000000000001
    endloop
  endfacet
  facet normal -1 0 0
    outer loop
      vertex 14.387000001966953 36.01704999953508 0.5900000000000001
      vertex 14.387000001966953 40.106150002777575 0.5900000000000001
      vertex 14.387000001966953 36.01704999953508 0
    endloop
  endfacet
  facet normal 1 0 0
    outer loop
      vertex 13.613949999213219 36.01704999953508 0.5900000000000001
      vertex 13.613949999213219 36.01704999953508 0
      vertex 13.613949999213219 37.56319999843836 0
    endloop
  endfacet
  facet normal 0 1 0
    outer loop
      vertex 14.387000001966953 36.01704999953508 0.5900000000000001
      vertex 14.387000001966953 36.01704999953508 0
      vertex 13.613949999213219 36.01704999953508 0
    endloop
  endfacet
  facet normal -1 0 0
    outer loop
      vertex 14.387000001966953 40.106150002777575 0.5900000000000001
      vertex 14.387000001966953 40.106150002777575 0
      vertex 14.387000001966953 36.01704999953508 0
    endloop
  endfacet
  facet normal 1 0 0
    outer loop
      vertex 13.613949999213219 38.56345000267029 0.5900000000000001
      vertex 13.613949999213219 40.106150002777575 0
      vertex 13.613949999213219 40.106150002777575 0.5900000000000001
    endloop
  endfacet
  facet normal 0 -1 0
    outer loop
      vertex 13.613949999213219 40.106150002777575 0.5900000000000001
      vertex 14.387000001966953 40.106150002777575 0
      vertex 14.387000001966953 40.106150002777575 0.5900000000000001
    endloop
  endfacet
  facet normal 0 -1 0
    outer loop
      vertex 11.61005000025034 41.54069999754429 0.5900000000000001
      vertex 14.387000001966953 41.54069999754429 0
      vertex 14.387000001966953 41.54069999754429 0.5900000000000001
    endloop
  endfacet
  facet normal -1 0 0
    outer loop
      vertex 14.387000001966953 40.652350002527236 0.5900000000000001
      vertex 14.387000001966953 41.54069999754429 0.5900000000000001
      vertex 14.387000001966953 40.652350002527236 0
    endloop
  endfacet
  facet normal 1 0 0
    outer loop
      vertex 13.613949999213219 38.56345000267029 0.5900000000000001
      vertex 13.613949999213219 38.56345000267029 0
      vertex 13.613949999213219 40.106150002777575 0
    endloop
  endfacet
  facet normal 0 -1 0
    outer loop
      vertex 13.613949999213219 40.106150002777575 0.5900000000000001
      vertex 13.613949999213219 40.106150002777575 0
      vertex 14.387000001966953 40.106150002777575 0
    endloop
  endfacet
  facet normal -1 0 0
    outer loop
      vertex 14.387000001966953 41.54069999754429 0.5900000000000001
      vertex 14.387000001966953 41.54069999754429 0
      vertex 14.387000001966953 40.652350002527236 0
    endloop
  endfacet
  facet normal 0 0 -1
    outer loop
      vertex 13.288450002670288 43.907349997758864 0.5900000000000001
      vertex 14.387000001966953 44.73470000326633 0.5900000000000001
      vertex 14.387000001966953 43.592050002515315 0.5900000000000001
    endloop
  endfacet
  facet normal 0 0 -1
    outer loop
      vertex 12.867853060364723 43.866268368065356 0.5900000000000001
      vertex 14.387000001966953 44.73470000326633 0.5900000000000001
      vertex 12.99947040528059 43.87747244685888 0.5900000000000001
    endloop
  endfacet
  facet normal 0 0 -1
    outer loop
      vertex 12.99947040528059 43.87747244685888 0.5900000000000001
      vertex 14.387000001966953 44.73470000326633 0.5900000000000001
      vertex 13.139669388532639 43.891166323423384 0.5900000000000001
    endloop
  endfacet
  facet normal 0 0 -1
    outer loop
      vertex 13.139669388532639 43.891166323423384 0.5900000000000001
      vertex 14.387000001966953 44.73470000326633 0.5900000000000001
      vertex 13.288450002670288 43.907349997758864 0.5900000000000001
    endloop
  endfacet
  facet normal 0 0 -1
    outer loop
      vertex 13.611305102705956 45.96072959303856 0.5900000000000001
      vertex 13.100190818309784 46.78074489682913 0.5900000000000001
      vertex 13.807199999690056 46.13030000180006 0.5900000000000001
    endloop
  endfacet
  facet normal 0 0 -1
    outer loop
      vertex 13.232450000941753 46.877899998426436 0.5900000000000001
      vertex 13.348945915699005 46.98854795992374 0.5900000000000001
      vertex 13.979914285242558 46.323037752509116 0.5900000000000001
    endloop
  endfacet
  facet normal 0 0 -1
    outer loop
      vertex 13.807199999690056 46.13030000180006 0.5900000000000001
      vertex 13.232450000941753 46.877899998426436 0.5900000000000001
      vertex 13.979914285242558 46.323037752509116 0.5900000000000001
    endloop
  endfacet
  facet normal 0 0 -1
    outer loop
      vertex 13.348945915699005 46.98854795992374 0.5900000000000001
      vertex 14.126057140529156 46.53605102151632 0.5900000000000001
      vertex 13.979914285242558 46.323037752509116 0.5900000000000001
    endloop
  endfacet
  facet normal 0 0 -1
    outer loop
      vertex 13.348945915699005 46.98854795992374 0.5900000000000001
      vertex 13.44751938432455 47.11123469620943 0.5900000000000001
      vertex 14.126057140529156 46.53605102151632 0.5900000000000001
    endloop
  endfacet
  facet normal 0 0 -1
    outer loop
      vertex 13.44751938432455 47.11123469620943 0.5900000000000001
      vertex 13.52817040681839 47.245960207283495 0.5900000000000001
      vertex 14.245628573000431 46.769339793920516 0.5900000000000001
    endloop
  endfacet
  facet normal 0 0 -1
    outer loop
      vertex 13.44751938432455 47.11123469620943 0.5900000000000001
      vertex 14.245628573000431 46.769339793920516 0.5900000000000001
      vertex 14.126057140529156 46.53605102151632 0.5900000000000001
    endloop
  endfacet
  facet normal 0 0 -1
    outer loop
      vertex 13.52817040681839 47.245960207283495 0.5900000000000001
      vertex 14.338628567755222 47.02290408462286 0.5900000000000001
      vertex 14.245628573000431 46.769339793920516 0.5900000000000001
    endloop
  endfacet
  facet normal 0 0 -1
    outer loop
      vertex 13.52817040681839 47.245960207283495 0.5900000000000001
      vertex 13.590898983180523 47.39272449314594 0.5900000000000001
      vertex 14.338628567755222 47.02290408462286 0.5900000000000001
    endloop
  endfacet
  facet normal 0 0 -1
    outer loop
      vertex 13.590898983180523 47.39272449314594 0.5900000000000001
      vertex 13.635705098509789 47.55152755379677 0.5900000000000001
      vertex 14.40505713969469 47.29674387872219 0.5900000000000001
    endloop
  endfacet
  facet normal 0 0 -1
    outer loop
      vertex 13.590898983180523 47.39272449314594 0.5900000000000001
      vertex 14.40505713969469 47.29674387872219 0.5900000000000001
      vertex 14.338628567755222 47.02290408462286 0.5900000000000001
    endloop
  endfacet
  facet normal 0 0 -1
    outer loop
      vertex 13.635705098509789 47.55152755379677 0.5900000000000001
      vertex 14.444914288818836 47.59085918366909 0.5900000000000001
      vertex 14.40505713969469 47.29674387872219 0.5900000000000001
    endloop
  endfacet
  facet normal 0 0 -1
    outer loop
      vertex 13.635705098509789 47.55152755379677 0.5900000000000001
      vertex 13.662588775157928 47.72236938923597 0.5900000000000001
      vertex 14.444914288818836 47.59085918366909 0.5900000000000001
    endloop
  endfacet
  facet normal 0 0 -1
    outer loop
      vertex 13.662588775157928 47.72236938923597 0.5900000000000001
      vertex 13.671549998223782 47.90524999946356 0.5900000000000001
      vertex 14.458200000226498 47.90524999946356 0.5900000000000001
    endloop
  endfacet
  facet normal 0 0 -1
    outer loop
      vertex 13.662588775157928 47.72236938923597 0.5900000000000001
      vertex 14.458200000226498 47.90524999946356 0.5900000000000001
      vertex 14.444914288818836 47.59085918366909 0.5900000000000001
    endloop
  endfacet
  facet normal -1 0 0
    outer loop
      vertex 14.387000001966953 43.592050002515315 0.5900000000000001
      vertex 14.387000001966953 44.73470000326633 0.5900000000000001
      vertex 14.387000001966953 43.592050002515315 0
    endloop
  endfacet
  facet normal -1 0 0
    outer loop
      vertex 14.387000001966953 44.73470000326633 0.5900000000000001
      vertex 14.387000001966953 44.73470000326633 0
      vertex 14.387000001966953 43.592050002515315 0
    endloop
  endfacet
  facet normal -0.5538790929949479 0.8325971116591108 0
    outer loop
      vertex 13.39562040567398 45.81724693775177 0.5900000000000001
      vertex 13.611305102705956 45.96072959303856 0.5900000000000001
      vertex 13.39562040567398 45.81724693775177 0
    endloop
  endfacet
  facet normal -0.6544782088574203 0.7560808648093027 0
    outer loop
      vertex 13.611305102705956 45.96072959303856 0.5900000000000001
      vertex 13.807199999690056 46.13030000180006 0.5900000000000001
      vertex 13.611305102705956 45.96072959303856 0
    endloop
  endfacet
  facet normal -0.7447328109529887 0.6673627501517145 0
    outer loop
      vertex 13.807199999690056 46.13030000180006 0.5900000000000001
      vertex 13.979914285242558 46.323037752509116 0.5900000000000001
      vertex 13.807199999690056 46.13030000180006 0
    endloop
  endfacet
  facet normal -0.8245905012525062 0.5657300639387486 0
    outer loop
      vertex 13.979914285242558 46.323037752509116 0.5900000000000001
      vertex 14.126057140529156 46.53605102151632 0.5900000000000001
      vertex 13.979914285242558 46.323037752509116 0
    endloop
  endfacet
  facet normal 0.7795526390749952 -0.6263367168793559 0
    outer loop
      vertex 13.348945915699005 46.98854795992374 0.5900000000000001
      vertex 13.44751938432455 47.11123469620943 0
      vertex 13.44751938432455 47.11123469620943 0.5900000000000001
    endloop
  endfacet
  facet normal -0.8899163164347045 0.45612383158884257 0
    outer loop
      vertex 14.126057140529156 46.53605102151632 0.5900000000000001
      vertex 14.245628573000431 46.769339793920516 0.5900000000000001
      vertex 14.126057140529156 46.53605102151632 0
    endloop
  endfacet
  facet normal 0.8580102687394715 -0.5136325327874198 0
    outer loop
      vertex 13.44751938432455 47.11123469620943 0.5900000000000001
      vertex 13.52817040681839 47.245960207283495 0
      vertex 13.52817040681839 47.245960207283495 0.5900000000000001
    endloop
  endfacet
  facet normal 0.91953114606306 -0.39301713883742473 0
    outer loop
      vertex 13.52817040681839 47.245960207283495 0.5900000000000001
      vertex 13.590898983180523 47.39272449314594 0
      vertex 13.590898983180523 47.39272449314594 0.5900000000000001
    endloop
  endfacet
  facet normal 0.9624251158336129 -0.2715472268550291 0
    outer loop
      vertex 13.590898983180523 47.39272449314594 0.5900000000000001
      vertex 13.635705098509789 47.55152755379677 0
      vertex 13.635705098509789 47.55152755379677 0.5900000000000001
    endloop
  endfacet
  facet normal 0.9878442030599197 -0.15544719515292713 0
    outer loop
      vertex 13.635705098509789 47.55152755379677 0.5900000000000001
      vertex 13.662588775157928 47.72236938923597 0
      vertex 13.662588775157928 47.72236938923597 0.5900000000000001
    endloop
  endfacet
  facet normal 0.9988016379510136 -0.04894167984829072 0
    outer loop
      vertex 13.662588775157928 47.72236938923597 0.5900000000000001
      vertex 13.671549998223782 47.90524999946356 0
      vertex 13.671549998223782 47.90524999946356 0.5900000000000001
    endloop
  endfacet
  facet normal -0.9388446926966368 0.34434088196924506 0
    outer loop
      vertex 14.245628573000431 46.769339793920516 0.5900000000000001
      vertex 14.338628567755222 47.02290408462286 0.5900000000000001
      vertex 14.245628573000431 46.769339793920516 0
    endloop
  endfacet
  facet normal -0.9718150183860172 0.23574471370400826 0
    outer loop
      vertex 14.338628567755222 47.02290408462286 0.5900000000000001
      vertex 14.40505713969469 47.29674387872219 0.5900000000000001
      vertex 14.338628567755222 47.02290408462286 0
    endloop
  endfacet
  facet normal -0.9909423546729464 0.13428793585142493 0
    outer loop
      vertex 14.40505713969469 47.29674387872219 0.5900000000000001
      vertex 14.444914288818836 47.59085918366909 0.5900000000000001
      vertex 14.40505713969469 47.29674387872219 0
    endloop
  endfacet
  facet normal -0.9991083000565779 0.042220904278032906 0
    outer loop
      vertex 14.444914288818836 47.59085918366909 0.5900000000000001
      vertex 14.458200000226498 47.90524999946356 0.5900000000000001
      vertex 14.444914288818836 47.59085918366909 0
    endloop
  endfacet
  facet normal -0.5538790929949479 0.8325971116591108 0
    outer loop
      vertex 13.611305102705956 45.96072959303856 0.5900000000000001
      vertex 13.611305102705956 45.96072959303856 0
      vertex 13.39562040567398 45.81724693775177 0
    endloop
  endfacet
  facet normal -0.6544782088574203 0.7560808648093027 0
    outer loop
      vertex 13.807199999690056 46.13030000180006 0.5900000000000001
      vertex 13.807199999690056 46.13030000180006 0
      vertex 13.611305102705956 45.96072959303856 0
    endloop
  endfacet
  facet normal -0.7447328109529887 0.6673627501517145 0
    outer loop
      vertex 13.979914285242558 46.323037752509116 0.5900000000000001
      vertex 13.979914285242558 46.323037752509116 0
      vertex 13.807199999690056 46.13030000180006 0
    endloop
  endfacet
  facet normal -0.8245905012525062 0.5657300639387486 0
    outer loop
      vertex 14.126057140529156 46.53605102151632 0.5900000000000001
      vertex 14.126057140529156 46.53605102151632 0
      vertex 13.979914285242558 46.323037752509116 0
    endloop
  endfacet
  facet normal -0.8899163164347045 0.45612383158884257 0
    outer loop
      vertex 14.245628573000431 46.769339793920516 0.5900000000000001
      vertex 14.245628573000431 46.769339793920516 0
      vertex 14.126057140529156 46.53605102151632 0
    endloop
  endfacet
  facet normal 0.8580102687394715 -0.5136325327874198 0
    outer loop
      vertex 13.44751938432455 47.11123469620943 0.5900000000000001
      vertex 13.44751938432455 47.11123469620943 0
      vertex 13.52817040681839 47.245960207283495 0
    endloop
  endfacet
  facet normal 0.91953114606306 -0.39301713883742473 0
    outer loop
      vertex 13.52817040681839 47.245960207283495 0.5900000000000001
      vertex 13.52817040681839 47.245960207283495 0
      vertex 13.590898983180523 47.39272449314594 0
    endloop
  endfacet
  facet normal 0.9624251158336129 -0.2715472268550291 0
    outer loop
      vertex 13.590898983180523 47.39272449314594 0.5900000000000001
      vertex 13.590898983180523 47.39272449314594 0
      vertex 13.635705098509789 47.55152755379677 0
    endloop
  endfacet
  facet normal 0.9878442030599197 -0.15544719515292713 0
    outer loop
      vertex 13.635705098509789 47.55152755379677 0.5900000000000001
      vertex 13.635705098509789 47.55152755379677 0
      vertex 13.662588775157928 47.72236938923597 0
    endloop
  endfacet
  facet normal 0.9988016379510136 -0.04894167984829072 0
    outer loop
      vertex 13.662588775157928 47.72236938923597 0.5900000000000001
      vertex 13.662588775157928 47.72236938923597 0
      vertex 13.671549998223782 47.90524999946356 0
    endloop
  endfacet
  facet normal -0.9388446926966368 0.34434088196924506 0
    outer loop
      vertex 14.338628567755222 47.02290408462286 0.5900000000000001
      vertex 14.338628567755222 47.02290408462286 0
      vertex 14.245628573000431 46.769339793920516 0
    endloop
  endfacet
  facet normal -0.9718150183860172 0.23574471370400826 0
    outer loop
      vertex 14.40505713969469 47.29674387872219 0.5900000000000001
      vertex 14.40505713969469 47.29674387872219 0
      vertex 14.338628567755222 47.02290408462286 0
    endloop
  endfacet
  facet normal -0.9909423546729464 0.13428793585142493 0
    outer loop
      vertex 14.444914288818836 47.59085918366909 0.5900000000000001
      vertex 14.444914288818836 47.59085918366909 0
      vertex 14.40505713969469 47.29674387872219 0
    endloop
  endfacet
  facet normal -0.9991083000565779 0.042220904278032906 0
    outer loop
      vertex 14.458200000226498 47.90524999946356 0.5900000000000001
      vertex 14.458200000226498 47.90524999946356 0
      vertex 14.444914288818836 47.59085918366909 0
    endloop
  endfacet
  facet normal 0 0 -1
    outer loop
      vertex 9.541799999773502 47.91205000281334 0.5900000000000001
      vertex 9.55532754957676 48.22373571395874 0.5900000000000001
      vertex 10.33763775229454 48.091508166491984 0.5900000000000001
    endloop
  endfacet
  facet normal 0 0 -1
    outer loop
      vertex 9.55532754957676 48.22373571395874 0.5900000000000001
      vertex 9.595910206437111 48.51556428670883 0.5900000000000001
      vertex 10.365351021289825 48.25982550680637 0.5900000000000001
    endloop
  endfacet
  facet normal 0 0 -1
    outer loop
      vertex 9.595910206437111 48.51556428670883 0.5900000000000001
      vertex 9.663547962903976 48.78753571361303 0.5900000000000001
      vertex 10.411539793014526 48.417002038657664 0.5900000000000001
    endloop
  endfacet
  facet normal 0 0 -1
    outer loop
      vertex 9.663547962903976 48.78753571361303 0.5900000000000001
      vertex 9.758240818977356 49.039650002121924 0.5900000000000001
      vertex 10.476204082369804 48.56303775459528 0.5900000000000001
    endloop
  endfacet
  facet normal 0 0 -1
    outer loop
      vertex 9.541799999773502 47.91205000281334 0.5900000000000001
      vertex 10.33763775229454 48.091508166491984 0.5900000000000001
      vertex 10.328400000929832 47.91205000281334 0.5900000000000001
    endloop
  endfacet
  facet normal 0 0 -1
    outer loop
      vertex 9.55532754957676 48.22373571395874 0.5900000000000001
      vertex 10.365351021289825 48.25982550680637 0.5900000000000001
      vertex 10.33763775229454 48.091508166491984 0.5900000000000001
    endloop
  endfacet
  facet normal 0 0 -1
    outer loop
      vertex 9.595910206437111 48.51556428670883 0.5900000000000001
      vertex 10.411539793014526 48.417002038657664 0.5900000000000001
      vertex 10.365351021289825 48.25982550680637 0.5900000000000001
    endloop
  endfacet
  facet normal 0 0 -1
    outer loop
      vertex 9.663547962903976 48.78753571361303 0.5900000000000001
      vertex 10.476204082369804 48.56303775459528 0.5900000000000001
      vertex 10.411539793014526 48.417002038657664 0.5900000000000001
    endloop
  endfacet
  facet normal 0 0 -1
    outer loop
      vertex 9.758240818977356 49.039650002121924 0.5900000000000001
      vertex 10.559343874454498 48.697932654619215 0.5900000000000001
      vertex 10.476204082369804 48.56303775459528 0.5900000000000001
    endloop
  endfacet
  facet normal 0 0 -1
    outer loop
      vertex 9.758240818977356 49.039650002121924 0.5900000000000001
      vertex 9.87998877465725 49.271907144784926 0.5900000000000001
      vertex 10.559343874454498 48.697932654619215 0.5900000000000001
    endloop
  endfacet
  facet normal 0 0 -1
    outer loop
      vertex 10.559343874454498 48.697932654619215 0.5900000000000001
      vertex 9.87998877465725 49.271907144784926 0.5900000000000001
      vertex 10.66095918416977 48.821686731278895 0.5900000000000001
    endloop
  endfacet
  facet normal 0 0 -1
    outer loop
      vertex 10.66095918416977 48.821686731278895 0.5900000000000001
      vertex 9.87998877465725 49.271907144784926 0.5900000000000001
      vertex 10.028791837394238 49.48430714160204 0.5900000000000001
    endloop
  endfacet
  facet normal 0 0 -1
    outer loop
      vertex 10.781049996614456 48.93429999947548 0.5900000000000001
      vertex 10.028791837394238 49.48430714160204 0.5900000000000001
      vertex 10.20464999973774 49.67685000002384 0.5900000000000001
    endloop
  endfacet
  facet normal 0 0 -1
    outer loop
      vertex 10.66095918416977 48.821686731278895 0.5900000000000001
      vertex 10.028791837394238 49.48430714160204 0.5900000000000001
      vertex 10.781049996614456 48.93429999947548 0.5900000000000001
    endloop
  endfacet
  facet normal 0 0 -1
    outer loop
      vertex 10.781049996614456 48.93429999947548 0.5900000000000001
      vertex 10.20464999973774 49.67685000002384 0.5900000000000001
      vertex 10.9171948954463 49.03369693607092 0.5900000000000001
    endloop
  endfacet
  facet normal 0 0 -1
    outer loop
      vertex 10.404035717248917 49.84642040878534 0.5900000000000001
      vertex 11.066972449421883 49.11780204027891 0.5900000000000001
      vertex 10.9171948954463 49.03369693607092 0.5900000000000001
    endloop
  endfacet
  facet normal 0 0 -1
    outer loop
      vertex 10.20464999973774 49.67685000002384 0.5900000000000001
      vertex 10.404035717248917 49.84642040878534 0.5900000000000001
      vertex 10.9171948954463 49.03369693607092 0.5900000000000001
    endloop
  endfacet
  facet normal 0 0 -1
    outer loop
      vertex 10.404035717248917 49.84642040878534 0.5900000000000001
      vertex 10.623421430587769 49.98990306407213 0.5900000000000001
      vertex 11.066972449421883 49.11780204027891 0.5900000000000001
    endloop
  endfacet
  facet normal 0 0 -1
    outer loop
      vertex 10.623421430587769 49.98990306407213 0.5900000000000001
      vertex 10.862807139754295 50.10729795843363 0.5900000000000001
      vertex 11.066972449421883 49.11780204027891 0.5900000000000001
    endloop
  endfacet
  facet normal 0 0 -1
    outer loop
      vertex 11.066972449421883 49.11780204027891 0.5900000000000001
      vertex 10.862807139754295 50.10729795843363 0.5900000000000001
      vertex 11.230382651090622 49.186615304648875 0.5900000000000001
    endloop
  endfacet
  facet normal 0 0 -1
    outer loop
      vertex 11.230382651090622 49.186615304648875 0.5900000000000001
      vertex 11.122192859649658 50.19860509932041 0.5900000000000001
      vertex 11.407425507903099 49.24013673663139 0.5900000000000001
    endloop
  endfacet
  facet normal 0 0 -1
    outer loop
      vertex 11.230382651090622 49.186615304648875 0.5900000000000001
      vertex 10.862807139754295 50.10729795843363 0.5900000000000001
      vertex 11.122192859649658 50.19860509932041 0.5900000000000001
    endloop
  endfacet
  facet normal 0 0 -1
    outer loop
      vertex 11.407425507903099 49.24013673663139 0.5900000000000001
      vertex 11.122192859649658 50.19860509932041 0.5900000000000001
      vertex 11.401578567922115 50.26382448673248 0.5900000000000001
    endloop
  endfacet
  facet normal 0 0 -1
    outer loop
      vertex 11.407425507903099 49.24013673663139 0.5900000000000001
      vertex 11.401578567922115 50.26382448673248 0.5900000000000001
      vertex 11.598101019859314 49.27836632877588 0.5900000000000001
    endloop
  endfacet
  facet normal 0 0 -1
    outer loop
      vertex 11.598101019859314 49.27836632877588 0.5900000000000001
      vertex 11.700964286923409 50.30295612066984 0.5900000000000001
      vertex 11.802409186959267 49.30130408108234 0.5900000000000001
    endloop
  endfacet
  facet normal 0 0 -1
    outer loop
      vertex 11.401578567922115 50.26382448673248 0.5900000000000001
      vertex 11.700964286923409 50.30295612066984 0.5900000000000001
      vertex 11.598101019859314 49.27836632877588 0.5900000000000001
    endloop
  endfacet
  facet normal 0 0 -1
    outer loop
      vertex 13.104354083538055 49.039941833913325 0.5900000000000001
      vertex 12.958809182047844 49.12213877737522 0.5900000000000001
      vertex 13.404594898223877 49.99077040851116 0.5900000000000001
    endloop
  endfacet
  facet normal 0 0 -1
    outer loop
      vertex 13.104354083538055 49.039941833913325 0.5900000000000001
      vertex 13.813950002193451 49.67854999899864 0.5900000000000001
      vertex 13.235849998891354 48.94280000180006 0.5900000000000001
    endloop
  endfacet
  facet normal 0 0 -1
    outer loop
      vertex 11.802409186959267 49.30130408108234 0.5900000000000001
      vertex 12.020350001752377 50.31600000113249 0.5900000000000001
      vertex 12.020350001752377 49.30895000100136 0.5900000000000001
    endloop
  endfacet
  facet normal 0 0 -1
    outer loop
      vertex 12.020350001752377 49.30895000100136 0.5900000000000001
      vertex 12.020350001752377 50.31600000113249 0.5900000000000001
      vertex 12.236139796674252 49.30147755295038 0.5900000000000001
    endloop
  endfacet
  facet normal 0 0 -1
    outer loop
      vertex 11.802409186959267 49.30130408108234 0.5900000000000001
      vertex 11.700964286923409 50.30295612066984 0.5900000000000001
      vertex 12.020350001752377 50.31600000113249 0.5900000000000001
    endloop
  endfacet
  facet normal 0 0 -1
    outer loop
      vertex 12.236139796674252 49.30147755295038 0.5900000000000001
      vertex 12.338439792394638 50.30299081802368 0.5900000000000001
      vertex 12.437880612909794 49.27906020134687 0.5900000000000001
    endloop
  endfacet
  facet normal 0 0 -1
    outer loop
      vertex 12.625572450459003 49.241697961091994 0.5900000000000001
      vertex 12.437880612909794 49.27906020134687 0.5900000000000001
      vertex 12.6359091848135 50.26396326869726 0.5900000000000001
    endloop
  endfacet
  facet normal 0 0 -1
    outer loop
      vertex 12.236139796674252 49.30147755295038 0.5900000000000001
      vertex 12.020350001752377 50.31600000113249 0.5900000000000001
      vertex 12.338439792394638 50.30299081802368 0.5900000000000001
    endloop
  endfacet
  facet normal 0 0 -1
    outer loop
      vertex 12.338439792394638 50.30299081802368 0.5900000000000001
      vertex 12.6359091848135 50.26396326869726 0.5900000000000001
      vertex 12.437880612909794 49.27906020134687 0.5900000000000001
    endloop
  endfacet
  facet normal 0 0 -1
    outer loop
      vertex 12.625572450459003 49.241697961091994 0.5900000000000001
      vertex 12.9127581641078 50.19891734570265 0.5900000000000001
      vertex 12.79921530932188 49.18939081728458 0.5900000000000001
    endloop
  endfacet
  facet normal 0 0 -1
    outer loop
      vertex 12.79921530932188 49.18939081728458 0.5900000000000001
      vertex 13.168986737728119 50.107853063941 0.5900000000000001
      vertex 12.958809182047844 49.12213877737522 0.5900000000000001
    endloop
  endfacet
  facet normal 0 0 -1
    outer loop
      vertex 12.625572450459003 49.241697961091994 0.5900000000000001
      vertex 12.6359091848135 50.26396326869726 0.5900000000000001
      vertex 12.9127581641078 50.19891734570265 0.5900000000000001
    endloop
  endfacet
  facet normal 0 0 -1
    outer loop
      vertex 12.79921530932188 49.18939081728458 0.5900000000000001
      vertex 12.9127581641078 50.19891734570265 0.5900000000000001
      vertex 13.168986737728119 50.107853063941 0.5900000000000001
    endloop
  endfacet
  facet normal 0 0 -1
    outer loop
      vertex 12.958809182047844 49.12213877737522 0.5900000000000001
      vertex 13.168986737728119 50.107853063941 0.5900000000000001
      vertex 13.404594898223877 49.99077040851116 0.5900000000000001
    endloop
  endfacet
  facet normal 0 0 -1
    outer loop
      vertex 13.104354083538055 49.039941833913325 0.5900000000000001
      vertex 13.404594898223877 49.99077040851116 0.5900000000000001
      vertex 13.619582653045654 49.84766938686371 0.5900000000000001
    endloop
  endfacet
  facet normal 0 0 -1
    outer loop
      vertex 9.609600000083447 50.74350000321865 0.5900000000000001
      vertex 9.609600000083447 51.86920000016689 0.5900000000000001
      vertex 11.61685000360012 52.03534999638796 0.5900000000000001
    endloop
  endfacet
  facet normal 0 0 -1
    outer loop
      vertex 9.609600000083447 51.86920000016689 0.5900000000000001
      vertex 11.423600003123283 52.97795000076294 0.5900000000000001
      vertex 11.61685000360012 52.03534999638796 0.5900000000000001
    endloop
  endfacet
  facet normal 0 0 -1
    outer loop
      vertex 11.423600003123283 52.97795000076294 0.5900000000000001
      vertex 11.423600003123283 54.15110000371933 0.5900000000000001
      vertex 12.200049996376038 54.15110000371933 0.5900000000000001
    endloop
  endfacet
  facet normal 0 0 -1
    outer loop
      vertex 11.908681631088257 51.44477346688509 0.5900000000000001
      vertex 12.510867349803448 52.09861428439617 0.5900000000000001
      vertex 11.997556120157242 51.35115408301353 0.5900000000000001
    endloop
  endfacet
  facet normal 0 0 -1
    outer loop
      vertex 12.096600003540516 51.2656999990344 0.5900000000000001
      vertex 11.997556120157242 51.35115408301353 0.5900000000000001
      vertex 12.580690816044807 52.058757142722605 0.5900000000000001
    endloop
  endfacet
  facet normal 0 0 -1
    outer loop
      vertex 12.096600003540516 51.2656999990344 0.5900000000000001
      vertex 12.580690816044807 52.058757142722605 0.5900000000000001
      vertex 12.203545920550823 51.19012755304575 0.5900000000000001
    endloop
  endfacet
  facet normal 0 0 -1
    outer loop
      vertex 12.31609795987606 51.126181633770464 0.5900000000000001
      vertex 12.656740814447403 52.027757139503954 0.5900000000000001
      vertex 12.434256121516228 51.07386224120855 0.5900000000000001
    endloop
  endfacet
  facet normal 0 0 -1
    outer loop
      vertex 12.203545920550823 51.19012755304575 0.5900000000000001
      vertex 12.656740814447403 52.027757139503954 0.5900000000000001
      vertex 12.31609795987606 51.126181633770464 0.5900000000000001
    endloop
  endfacet
  facet normal 0 0 -1
    outer loop
      vertex 11.703074492514133 51.77462347000837 0.5900000000000001
      vertex 11.654877550899982 51.90090408325195 0.5900000000000001
      vertex 12.389899998903275 52.2048999980092 0.5900000000000001
    endloop
  endfacet
  facet normal 0 0 -1
    outer loop
      vertex 11.82997652888298 51.54655816555023 0.5900000000000001
      vertex 11.761440813541412 51.6565081641078 0.5900000000000001
      vertex 12.447270408272743 52.14732857197523 0.5900000000000001
    endloop
  endfacet
  facet normal 0 0 -1
    outer loop
      vertex 11.82997652888298 51.54655816555023 0.5900000000000001
      vertex 12.510867349803448 52.09861428439617 0.5900000000000001
      vertex 11.908681631088257 51.44477346688509 0.5900000000000001
    endloop
  endfacet
  facet normal 0 0 -1
    outer loop
      vertex 11.761440813541412 51.6565081641078 0.5900000000000001
      vertex 11.703074492514133 51.77462347000837 0.5900000000000001
      vertex 12.389899998903275 52.2048999980092 0.5900000000000001
    endloop
  endfacet
  facet normal 0 0 -1
    outer loop
      vertex 11.654877550899982 51.90090408325195 0.5900000000000001
      vertex 11.61685000360012 52.03534999638796 0.5900000000000001
      vertex 12.339531630277634 52.271051020920275 0.5900000000000001
    endloop
  endfacet
  facet normal 0 0 -1
    outer loop
      vertex 11.654877550899982 51.90090408325195 0.5900000000000001
      vertex 12.339531630277634 52.271051020920275 0.5900000000000001
      vertex 12.389899998903275 52.2048999980092 0.5900000000000001
    endloop
  endfacet
  facet normal 0 0 -1
    outer loop
      vertex 11.61685000360012 52.03534999638796 0.5900000000000001
      vertex 12.234920404851437 52.519316324591635 0.5900000000000001
      vertex 12.262041836977005 52.4282591804862 0.5900000000000001
    endloop
  endfacet
  facet normal 0 0 -1
    outer loop
      vertex 11.61685000360012 52.03534999638796 0.5900000000000001
      vertex 12.262041836977005 52.4282591804862 0.5900000000000001
      vertex 12.296912245452404 52.34550408422947 0.5900000000000001
    endloop
  endfacet
  facet normal 0 0 -1
    outer loop
      vertex 11.61685000360012 52.03534999638796 0.5900000000000001
      vertex 12.296912245452404 52.34550408422947 0.5900000000000001
      vertex 12.339531630277634 52.271051020920275 0.5900000000000001
    endloop
  endfacet
  facet normal 0 0 -1
    outer loop
      vertex 11.761440813541412 51.6565081641078 0.5900000000000001
      vertex 12.389899998903275 52.2048999980092 0.5900000000000001
      vertex 12.447270408272743 52.14732857197523 0.5900000000000001
    endloop
  endfacet
  facet normal 0 0 -1
    outer loop
      vertex 11.997556120157242 51.35115408301353 0.5900000000000001
      vertex 12.510867349803448 52.09861428439617 0.5900000000000001
      vertex 12.580690816044807 52.058757142722605 0.5900000000000001
    endloop
  endfacet
  facet normal 0 0 -1
    outer loop
      vertex 11.82997652888298 51.54655816555023 0.5900000000000001
      vertex 12.447270408272743 52.14732857197523 0.5900000000000001
      vertex 12.510867349803448 52.09861428439617 0.5900000000000001
    endloop
  endfacet
  facet normal 0 0 -1
    outer loop
      vertex 12.203545920550823 51.19012755304575 0.5900000000000001
      vertex 12.580690816044807 52.058757142722605 0.5900000000000001
      vertex 12.656740814447403 52.027757139503954 0.5900000000000001
    endloop
  endfacet
  facet normal 0 0 -1
    outer loop
      vertex 12.434256121516228 51.07386224120855 0.5900000000000001
      vertex 12.739017345011234 52.0056142821908 0.5900000000000001
      vertex 12.558020405471325 51.03316939026117 0.5900000000000001
    endloop
  endfacet
  facet normal 0 0 -1
    outer loop
      vertex 12.558020405471325 51.03316939026117 0.5900000000000001
      vertex 12.827520407736301 51.99232857078314 0.5900000000000001
      vertex 12.687390819191933 51.00410305857658 0.5900000000000001
    endloop
  endfacet
  facet normal 0 0 -1
    outer loop
      vertex 12.687390819191933 51.00410305857658 0.5900000000000001
      vertex 12.827520407736301 51.99232857078314 0.5900000000000001
      vertex 12.82236734777689 50.986663268506526 0.5900000000000001
    endloop
  endfacet
  facet normal 0 0 -1
    outer loop
      vertex 12.82236734777689 50.986663268506526 0.5900000000000001
      vertex 12.922250002622604 51.98789999783039 0.5900000000000001
      vertex 12.962949998676777 50.98084999769926 0.5900000000000001
    endloop
  endfacet
  facet normal 0 0 -1
    outer loop
      vertex 12.962949998676777 50.98084999769926 0.5900000000000001
      vertex 12.922250002622604 51.98789999783039 0.5900000000000001
      vertex 13.153067350387573 50.990330615639685 0.5900000000000001
    endloop
  endfacet
  facet normal 0 0 -1
    outer loop
      vertex 13.153067350387573 50.990330615639685 0.5900000000000001
      vertex 13.104860201478004 52.005890817940234 0.5900000000000001
      vertex 13.330105103552341 51.01877244710922 0.5900000000000001
    endloop
  endfacet
  facet normal 0 0 -1
    outer loop
      vertex 13.330105103552341 51.01877244710922 0.5900000000000001
      vertex 13.104860201478004 52.005890817940234 0.5900000000000001
      vertex 13.494063265621662 51.06617550700903 0.5900000000000001
    endloop
  endfacet
  facet normal 0 0 -1
    outer loop
      vertex 12.434256121516228 51.07386224120855 0.5900000000000001
      vertex 12.656740814447403 52.027757139503954 0.5900000000000001
      vertex 12.739017345011234 52.0056142821908 0.5900000000000001
    endloop
  endfacet
  facet normal 0 0 -1
    outer loop
      vertex 12.558020405471325 51.03316939026117 0.5900000000000001
      vertex 12.739017345011234 52.0056142821908 0.5900000000000001
      vertex 12.827520407736301 51.99232857078314 0.5900000000000001
    endloop
  endfacet
  facet normal 0 0 -1
    outer loop
      vertex 12.82236734777689 50.986663268506526 0.5900000000000001
      vertex 12.827520407736301 51.99232857078314 0.5900000000000001
      vertex 12.922250002622604 51.98789999783039 0.5900000000000001
    endloop
  endfacet
  facet normal 0 0 -1
    outer loop
      vertex 13.153067350387573 50.990330615639685 0.5900000000000001
      vertex 12.922250002622604 51.98789999783039 0.5900000000000001
      vertex 13.104860201478004 52.005890817940234 0.5900000000000001
    endloop
  endfacet
  facet normal 0 0 -1
    outer loop
      vertex 13.494063265621662 51.06617550700903 0.5900000000000001
      vertex 13.104860201478004 52.005890817940234 0.5900000000000001
      vertex 13.259376533329487 52.059863263368605 0.5900000000000001
    endloop
  endfacet
  facet normal 0 0 -1
    outer loop
      vertex 11.423600003123283 52.97795000076294 0.5900000000000001
      vertex 12.234920404851437 52.519316324591635 0.5900000000000001
      vertex 11.61685000360012 52.03534999638796 0.5900000000000001
    endloop
  endfacet
  facet normal 0 0 -1
    outer loop
      vertex 11.423600003123283 52.97795000076294 0.5900000000000001
      vertex 12.21554795652628 52.61867550909519 0.5900000000000001
      vertex 12.234920404851437 52.519316324591635 0.5900000000000001
    endloop
  endfacet
  facet normal 0 0 -1
    outer loop
      vertex 11.423600003123283 52.97795000076294 0.5900000000000001
      vertex 12.200049996376038 52.842299999296664 0.5900000000000001
      vertex 12.203924492001534 52.72633673399687 0.5900000000000001
    endloop
  endfacet
  facet normal 0 0 -1
    outer loop
      vertex 11.423600003123283 52.97795000076294 0.5900000000000001
      vertex 12.203924492001534 52.72633673399687 0.5900000000000001
      vertex 12.21554795652628 52.61867550909519 0.5900000000000001
    endloop
  endfacet
  facet normal 0 0 -1
    outer loop
      vertex 11.423600003123283 52.97795000076294 0.5900000000000001
      vertex 12.200049996376038 54.15110000371933 0.5900000000000001
      vertex 12.200049996376038 52.842299999296664 0.5900000000000001
    endloop
  endfacet
  facet normal 0.9990594941954938 -0.043360431937932584 0
    outer loop
      vertex 9.541799999773502 47.91205000281334 0.5900000000000001
      vertex 9.55532754957676 48.22373571395874 0
      vertex 9.55532754957676 48.22373571395874 0.5900000000000001
    endloop
  endfacet
  facet normal 0.9904687140753785 -0.13773789034926545 0
    outer loop
      vertex 9.55532754957676 48.22373571395874 0.5900000000000001
      vertex 9.595910206437111 48.51556428670883 0
      vertex 9.595910206437111 48.51556428670883 0.5900000000000001
    endloop
  endfacet
  facet normal 0.9704398984001144 -0.24134291701472363 0
    outer loop
      vertex 9.595910206437111 48.51556428670883 0.5900000000000001
      vertex 9.663547962903976 48.78753571361303 0
      vertex 9.663547962903976 48.78753571361303 0.5900000000000001
    endloop
  endfacet
  facet normal 0.9361459370618775 -0.3516116956566419 0
    outer loop
      vertex 9.663547962903976 48.78753571361303 0.5900000000000001
      vertex 9.758240818977356 49.039650002121924 0
      vertex 9.758240818977356 49.039650002121924 0.5900000000000001
    endloop
  endfacet
  facet normal 0.8856912842348784 -0.4642746482744582 0
    outer loop
      vertex 9.758240818977356 49.039650002121924 0.5900000000000001
      vertex 9.87998877465725 49.271907144784926 0
      vertex 9.87998877465725 49.271907144784926 0.5900000000000001
    endloop
  endfacet
  facet normal 0.8190089225486668 -0.5737807811226096 0
    outer loop
      vertex 9.87998877465725 49.271907144784926 0.5900000000000001
      vertex 10.028791837394238 49.48430714160204 0
      vertex 10.028791837394238 49.48430714160204 0.5900000000000001
    endloop
  endfacet
  facet normal 0.9990594941954938 -0.043360431937932584 0
    outer loop
      vertex 9.541799999773502 47.91205000281334 0.5900000000000001
      vertex 9.541799999773502 47.91205000281334 0
      vertex 9.55532754957676 48.22373571395874 0
    endloop
  endfacet
  facet normal 0.9904687140753785 -0.13773789034926545 0
    outer loop
      vertex 9.55532754957676 48.22373571395874 0.5900000000000001
      vertex 9.55532754957676 48.22373571395874 0
      vertex 9.595910206437111 48.51556428670883 0
    endloop
  endfacet
  facet normal 0.9704398984001144 -0.24134291701472363 0
    outer loop
      vertex 9.595910206437111 48.51556428670883 0.5900000000000001
      vertex 9.595910206437111 48.51556428670883 0
      vertex 9.663547962903976 48.78753571361303 0
    endloop
  endfacet
  facet normal 0.9361459370618775 -0.3516116956566419 0
    outer loop
      vertex 9.663547962903976 48.78753571361303 0.5900000000000001
      vertex 9.663547962903976 48.78753571361303 0
      vertex 9.758240818977356 49.039650002121924 0
    endloop
  endfacet
  facet normal 0.8856912842348784 -0.4642746482744582 0
    outer loop
      vertex 9.758240818977356 49.039650002121924 0.5900000000000001
      vertex 9.758240818977356 49.039650002121924 0
      vertex 9.87998877465725 49.271907144784926 0
    endloop
  endfacet
  facet normal 0.8190089225486668 -0.5737807811226096 0
    outer loop
      vertex 9.87998877465725 49.271907144784926 0.5900000000000001
      vertex 9.87998877465725 49.271907144784926 0
      vertex 10.028791837394238 49.48430714160204 0
    endloop
  endfacet
  facet normal 1 0 0
    outer loop
      vertex 9.609600000083447 50.74350000321865 0.5900000000000001
      vertex 9.609600000083447 51.86920000016689 0
      vertex 9.609600000083447 51.86920000016689 0.5900000000000001
    endloop
  endfacet
  facet normal 1 0 0
    outer loop
      vertex 9.609600000083447 50.74350000321865 0.5900000000000001
      vertex 9.609600000083447 50.74350000321865 0
      vertex 9.609600000083447 51.86920000016689 0
    endloop
  endfacet
  facet normal -0.9986777484995567 0.051407729495245 0
    outer loop
      vertex 10.328400000929832 47.91205000281334 0.5900000000000001
      vertex 10.33763775229454 48.091508166491984 0.5900000000000001
      vertex 10.328400000929832 47.91205000281334 0
    endloop
  endfacet
  facet normal -0.9867148762986326 0.16246154280620995 0
    outer loop
      vertex 10.33763775229454 48.091508166491984 0.5900000000000001
      vertex 10.365351021289825 48.25982550680637 0.5900000000000001
      vertex 10.33763775229454 48.091508166491984 0
    endloop
  endfacet
  facet normal -0.9594309438470405 0.28194372486149966 0
    outer loop
      vertex 10.365351021289825 48.25982550680637 0.5900000000000001
      vertex 10.411539793014526 48.417002038657664 0.5900000000000001
      vertex 10.365351021289825 48.25982550680637 0
    endloop
  endfacet
  facet normal -0.9143694886007034 0.40488077049433707 0
    outer loop
      vertex 10.411539793014526 48.417002038657664 0.5900000000000001
      vertex 10.476204082369804 48.56303775459528 0.5900000000000001
      vertex 10.411539793014526 48.417002038657664 0
    endloop
  endfacet
  facet normal -0.8512988387073153 0.524681129082776 0
    outer loop
      vertex 10.476204082369804 48.56303775459528 0.5900000000000001
      vertex 10.559343874454498 48.697932654619215 0.5900000000000001
      vertex 10.476204082369804 48.56303775459528 0
    endloop
  endfacet
  facet normal -0.7728482257458941 0.6345909075628356 0
    outer loop
      vertex 10.559343874454498 48.697932654619215 0.5900000000000001
      vertex 10.66095918416977 48.821686731278895 0.5900000000000001
      vertex 10.559343874454498 48.697932654619215 0
    endloop
  endfacet
  facet normal -0.6840320677942238 0.7294519382585521 0
    outer loop
      vertex 10.66095918416977 48.821686731278895 0.5900000000000001
      vertex 10.781049996614456 48.93429999947548 0.5900000000000001
      vertex 10.66095918416977 48.821686731278895 0
    endloop
  endfacet
  facet normal -0.5896546933984187 0.8076554603005027 0
    outer loop
      vertex 10.781049996614456 48.93429999947548 0.5900000000000001
      vertex 10.9171948954463 49.03369693607092 0.5900000000000001
      vertex 10.781049996614456 48.93429999947548 0
    endloop
  endfacet
  facet normal -0.4896208922349331 0.8719354230027978 0
    outer loop
      vertex 10.9171948954463 49.03369693607092 0.5900000000000001
      vertex 11.066972449421883 49.11780204027891 0.5900000000000001
      vertex 10.9171948954463 49.03369693607092 0
    endloop
  endfacet
  facet normal -0.38809996617568204 0.9216172829620951 0
    outer loop
      vertex 11.066972449421883 49.11780204027891 0.5900000000000001
      vertex 11.230382651090622 49.186615304648875 0.5900000000000001
      vertex 11.066972449421883 49.11780204027891 0
    endloop
  endfacet
  facet normal -0.28937388339387277 0.9572161488449458 0
    outer loop
      vertex 11.230382651090622 49.186615304648875 0.5900000000000001
      vertex 11.407425507903099 49.24013673663139 0.5900000000000001
      vertex 11.230382651090622 49.186615304648875 0
    endloop
  endfacet
  facet normal -0.19658330805475868 0.9804871253587413 0
    outer loop
      vertex 11.407425507903099 49.24013673663139 0.5900000000000001
      vertex 11.598101019859314 49.27836632877588 0.5900000000000001
      vertex 11.407425507903099 49.24013673663139 0
    endloop
  endfacet
  facet normal -0.11156942006792746 0.9937566424963942 0
    outer loop
      vertex 11.598101019859314 49.27836632877588 0.5900000000000001
      vertex 11.802409186959267 49.30130408108234 0.5900000000000001
      vertex 11.598101019859314 49.27836632877588 0
    endloop
  endfacet
  facet normal 0.7383744238760824 -0.6743909920555459 0
    outer loop
      vertex 10.028791837394238 49.48430714160204 0.5900000000000001
      vertex 10.20464999973774 49.67685000002384 0
      vertex 10.20464999973774 49.67685000002384 0.5900000000000001
    endloop
  endfacet
  facet normal 0.6478536728770231 -0.7617648052645587 0
    outer loop
      vertex 10.20464999973774 49.67685000002384 0.5900000000000001
      vertex 10.404035717248917 49.84642040878534 0
      vertex 10.404035717248917 49.84642040878534 0.5900000000000001
    endloop
  endfacet
  facet normal 0.547351308484709 -0.8369029484355262 0
    outer loop
      vertex 10.404035717248917 49.84642040878534 0.5900000000000001
      vertex 10.623421430587769 49.98990306407213 0
      vertex 10.623421430587769 49.98990306407213 0.5900000000000001
    endloop
  endfacet
  facet normal 0.44030526114459756 -0.8978481369409795 0
    outer loop
      vertex 10.623421430587769 49.98990306407213 0.5900000000000001
      vertex 10.862807139754295 50.10729795843363 0
      vertex 10.862807139754295 50.10729795843363 0.5900000000000001
    endloop
  endfacet
  facet normal 0.332041453717801 -0.9432647947490511 0
    outer loop
      vertex 10.862807139754295 50.10729795843363 0.5900000000000001
      vertex 11.122192859649658 50.19860509932041 0
      vertex 11.122192859649658 50.19860509932041 0.5900000000000001
    endloop
  endfacet
  facet normal 0.2273267621092048 -0.9738185371150752 0
    outer loop
      vertex 11.122192859649658 50.19860509932041 0.5900000000000001
      vertex 11.401578567922115 50.26382448673248 0
      vertex 11.401578567922115 50.26382448673248 0.5900000000000001
    endloop
  endfacet
  facet normal 0.12960401483080303 -0.9915658320755798 0
    outer loop
      vertex 11.401578567922115 50.26382448673248 0.5900000000000001
      vertex 11.700964286923409 50.30295612066984 0
      vertex 11.700964286923409 50.30295612066984 0.5900000000000001
    endloop
  endfacet
  facet normal -0.03506098213739452 0.9993851747607433 0
    outer loop
      vertex 11.802409186959267 49.30130408108234 0.5900000000000001
      vertex 12.020350001752377 49.30895000100136 0.5900000000000001
      vertex 11.802409186959267 49.30130408108234 0
    endloop
  endfacet
  facet normal 0.034607623052462726 0.9994009767989316 0
    outer loop
      vertex 12.020350001752377 49.30895000100136 0.5900000000000001
      vertex 12.236139796674252 49.30147755295038 0.5900000000000001
      vertex 12.020350001752377 49.30895000100136 0
    endloop
  endfacet
  facet normal 0.11043982510227027 0.993882812524384 0
    outer loop
      vertex 12.236139796674252 49.30147755295038 0.5900000000000001
      vertex 12.437880612909794 49.27906020134687 0.5900000000000001
      vertex 12.236139796674252 49.30147755295038 0
    endloop
  endfacet
  facet normal 0.1952311243491368 0.9807572625708013 0
    outer loop
      vertex 12.625572450459003 49.241697961091994 0.5900000000000001
      vertex 12.437880612909794 49.27906020134687 0
      vertex 12.437880612909794 49.27906020134687 0.5900000000000001
    endloop
  endfacet
  facet normal 0.2884317524026843 0.9575004565042862 0
    outer loop
      vertex 12.625572450459003 49.241697961091994 0.5900000000000001
      vertex 12.79921530932188 49.18939081728458 0.5900000000000001
      vertex 12.625572450459003 49.241697961091994 0
    endloop
  endfacet
  facet normal 0.38832487473641286 0.9215225399635917 0
    outer loop
      vertex 12.79921530932188 49.18939081728458 0.5900000000000001
      vertex 12.958809182047844 49.12213877737522 0.5900000000000001
      vertex 12.79921530932188 49.18939081728458 0
    endloop
  endfacet
  facet normal 0.5941900899761613 0.8043246465042094 0
    outer loop
      vertex 13.104354083538055 49.039941833913325 0.5900000000000001
      vertex 13.235849998891354 48.94280000180006 0.5900000000000001
      vertex 13.104354083538055 49.039941833913325 0
    endloop
  endfacet
  facet normal 0.7834616707354464 0.6214401101380751 0
    outer loop
      vertex 13.44925408065319 48.708632649481295 0.5900000000000001
      vertex 13.351443879306316 48.831943878531455 0
      vertex 13.351443879306316 48.831943878531455 0.5900000000000001
    endloop
  endfacet
  facet normal 0.6921613148254404 0.7217428311103046 0
    outer loop
      vertex 13.351443879306316 48.831943878531455 0.5900000000000001
      vertex 13.235849998891354 48.94280000180006 0
      vertex 13.235849998891354 48.94280000180006 0.5900000000000001
    endloop
  endfacet
  facet normal 0.4917508758232243 0.8707359393794952 0
    outer loop
      vertex 13.104354083538055 49.039941833913325 0.5900000000000001
      vertex 12.958809182047844 49.12213877737522 0
      vertex 12.958809182047844 49.12213877737522 0.5900000000000001
    endloop
  endfacet
  facet normal 0.04080650820088391 -0.9991670675559975 0
    outer loop
      vertex 11.700964286923409 50.30295612066984 0.5900000000000001
      vertex 12.020350001752377 50.31600000113249 0
      vertex 12.020350001752377 50.31600000113249 0.5900000000000001
    endloop
  endfacet
  facet normal -0.040863672232969814 -0.999164731308925 0
    outer loop
      vertex 12.020350001752377 50.31600000113249 0.5900000000000001
      vertex 12.338439792394638 50.30299081802368 0
      vertex 12.338439792394638 50.30299081802368 0.5900000000000001
    endloop
  endfacet
  facet normal -0.13008374516576937 -0.991503010204027 0
    outer loop
      vertex 12.338439792394638 50.30299081802368 0.5900000000000001
      vertex 12.6359091848135 50.26396326869726 0
      vertex 12.6359091848135 50.26396326869726 0.5900000000000001
    endloop
  endfacet
  facet normal -0.3348816522199324 -0.9422601970827634 0
    outer loop
      vertex 12.9127581641078 50.19891734570265 0.5900000000000001
      vertex 13.168986737728119 50.107853063941 0
      vertex 13.168986737728119 50.107853063941 0.5900000000000001
    endloop
  endfacet
  facet normal -0.4450186038514401 -0.8955213242721332 0
    outer loop
      vertex 13.168986737728119 50.107853063941 0.5900000000000001
      vertex 13.404594898223877 49.99077040851116 0
      vertex 13.404594898223877 49.99077040851116 0.5900000000000001
    endloop
  endfacet
  facet normal -0.22872275017107438 -0.9734916042545927 0
    outer loop
      vertex 12.6359091848135 50.26396326869726 0.5900000000000001
      vertex 12.9127581641078 50.19891734570265 0
      vertex 12.9127581641078 50.19891734570265 0.5900000000000001
    endloop
  endfacet
  facet normal -0.9986777484995567 0.051407729495245 0
    outer loop
      vertex 10.33763775229454 48.091508166491984 0.5900000000000001
      vertex 10.33763775229454 48.091508166491984 0
      vertex 10.328400000929832 47.91205000281334 0
    endloop
  endfacet
  facet normal -0.9867148762986326 0.16246154280620995 0
    outer loop
      vertex 10.365351021289825 48.25982550680637 0.5900000000000001
      vertex 10.365351021289825 48.25982550680637 0
      vertex 10.33763775229454 48.091508166491984 0
    endloop
  endfacet
  facet normal -0.9594309438470405 0.28194372486149966 0
    outer loop
      vertex 10.411539793014526 48.417002038657664 0.5900000000000001
      vertex 10.411539793014526 48.417002038657664 0
      vertex 10.365351021289825 48.25982550680637 0
    endloop
  endfacet
  facet normal -0.9143694886007034 0.40488077049433707 0
    outer loop
      vertex 10.476204082369804 48.56303775459528 0.5900000000000001
      vertex 10.476204082369804 48.56303775459528 0
      vertex 10.411539793014526 48.417002038657664 0
    endloop
  endfacet
  facet normal -0.8512988387073153 0.524681129082776 0
    outer loop
      vertex 10.559343874454498 48.697932654619215 0.5900000000000001
      vertex 10.559343874454498 48.697932654619215 0
      vertex 10.476204082369804 48.56303775459528 0
    endloop
  endfacet
  facet normal -0.7728482257458941 0.6345909075628356 0
    outer loop
      vertex 10.66095918416977 48.821686731278895 0.5900000000000001
      vertex 10.66095918416977 48.821686731278895 0
      vertex 10.559343874454498 48.697932654619215 0
    endloop
  endfacet
  facet normal -0.6840320677942238 0.7294519382585521 0
    outer loop
      vertex 10.781049996614456 48.93429999947548 0.5900000000000001
      vertex 10.781049996614456 48.93429999947548 0
      vertex 10.66095918416977 48.821686731278895 0
    endloop
  endfacet
  facet normal -0.5896546933984187 0.8076554603005027 0
    outer loop
      vertex 10.9171948954463 49.03369693607092 0.5900000000000001
      vertex 10.9171948954463 49.03369693607092 0
      vertex 10.781049996614456 48.93429999947548 0
    endloop
  endfacet
  facet normal -0.4896208922349331 0.8719354230027978 0
    outer loop
      vertex 11.066972449421883 49.11780204027891 0.5900000000000001
      vertex 11.066972449421883 49.11780204027891 0
      vertex 10.9171948954463 49.03369693607092 0
    endloop
  endfacet
  facet normal -0.38809996617568204 0.9216172829620951 0
    outer loop
      vertex 11.230382651090622 49.186615304648875 0.5900000000000001
      vertex 11.230382651090622 49.186615304648875 0
      vertex 11.066972449421883 49.11780204027891 0
    endloop
  endfacet
  facet normal -0.28937388339387277 0.9572161488449458 0
    outer loop
      vertex 11.407425507903099 49.24013673663139 0.5900000000000001
      vertex 11.407425507903099 49.24013673663139 0
      vertex 11.230382651090622 49.186615304648875 0
    endloop
  endfacet
  facet normal -0.19658330805475868 0.9804871253587413 0
    outer loop
      vertex 11.598101019859314 49.27836632877588 0.5900000000000001
      vertex 11.598101019859314 49.27836632877588 0
      vertex 11.407425507903099 49.24013673663139 0
    endloop
  endfacet
  facet normal -0.11156942006792746 0.9937566424963942 0
    outer loop
      vertex 11.802409186959267 49.30130408108234 0.5900000000000001
      vertex 11.802409186959267 49.30130408108234 0
      vertex 11.598101019859314 49.27836632877588 0
    endloop
  endfacet
  facet normal 0.7383744238760824 -0.6743909920555459 0
    outer loop
      vertex 10.028791837394238 49.48430714160204 0.5900000000000001
      vertex 10.028791837394238 49.48430714160204 0
      vertex 10.20464999973774 49.67685000002384 0
    endloop
  endfacet
  facet normal 0.6478536728770231 -0.7617648052645587 0
    outer loop
      vertex 10.20464999973774 49.67685000002384 0.5900000000000001
      vertex 10.20464999973774 49.67685000002384 0
      vertex 10.404035717248917 49.84642040878534 0
    endloop
  endfacet
  facet normal 0.547351308484709 -0.8369029484355262 0
    outer loop
      vertex 10.404035717248917 49.84642040878534 0.5900000000000001
      vertex 10.404035717248917 49.84642040878534 0
      vertex 10.623421430587769 49.98990306407213 0
    endloop
  endfacet
  facet normal 0.44030526114459756 -0.8978481369409795 0
    outer loop
      vertex 10.623421430587769 49.98990306407213 0.5900000000000001
      vertex 10.623421430587769 49.98990306407213 0
      vertex 10.862807139754295 50.10729795843363 0
    endloop
  endfacet
  facet normal 0.332041453717801 -0.9432647947490511 0
    outer loop
      vertex 10.862807139754295 50.10729795843363 0.5900000000000001
      vertex 10.862807139754295 50.10729795843363 0
      vertex 11.122192859649658 50.19860509932041 0
    endloop
  endfacet
  facet normal 0.2273267621092048 -0.9738185371150752 0
    outer loop
      vertex 11.122192859649658 50.19860509932041 0.5900000000000001
      vertex 11.122192859649658 50.19860509932041 0
      vertex 11.401578567922115 50.26382448673248 0
    endloop
  endfacet
  facet normal 0.12960401483080303 -0.9915658320755798 0
    outer loop
      vertex 11.401578567922115 50.26382448673248 0.5900000000000001
      vertex 11.401578567922115 50.26382448673248 0
      vertex 11.700964286923409 50.30295612066984 0
    endloop
  endfacet
  facet normal -0.03506098213739452 0.9993851747607433 0
    outer loop
      vertex 12.020350001752377 49.30895000100136 0.5900000000000001
      vertex 12.020350001752377 49.30895000100136 0
      vertex 11.802409186959267 49.30130408108234 0
    endloop
  endfacet
  facet normal 0.034607623052462726 0.9994009767989316 0
    outer loop
      vertex 12.236139796674252 49.30147755295038 0.5900000000000001
      vertex 12.236139796674252 49.30147755295038 0
      vertex 12.020350001752377 49.30895000100136 0
    endloop
  endfacet
  facet normal 0.11043982510227027 0.993882812524384 0
    outer loop
      vertex 12.437880612909794 49.27906020134687 0.5900000000000001
      vertex 12.437880612909794 49.27906020134687 0
      vertex 12.236139796674252 49.30147755295038 0
    endloop
  endfacet
  facet normal 0.1952311243491368 0.9807572625708013 0
    outer loop
      vertex 12.625572450459003 49.241697961091994 0.5900000000000001
      vertex 12.625572450459003 49.241697961091994 0
      vertex 12.437880612909794 49.27906020134687 0
    endloop
  endfacet
  facet normal 0.2884317524026843 0.9575004565042862 0
    outer loop
      vertex 12.79921530932188 49.18939081728458 0.5900000000000001
      vertex 12.79921530932188 49.18939081728458 0
      vertex 12.625572450459003 49.241697961091994 0
    endloop
  endfacet
  facet normal 0.38832487473641286 0.9215225399635917 0
    outer loop
      vertex 12.958809182047844 49.12213877737522 0.5900000000000001
      vertex 12.958809182047844 49.12213877737522 0
      vertex 12.79921530932188 49.18939081728458 0
    endloop
  endfacet
  facet normal 0.5941900899761613 0.8043246465042094 0
    outer loop
      vertex 13.235849998891354 48.94280000180006 0.5900000000000001
      vertex 13.235849998891354 48.94280000180006 0
      vertex 13.104354083538055 49.039941833913325 0
    endloop
  endfacet
  facet normal 0.6921613148254404 0.7217428311103046 0
    outer loop
      vertex 13.351443879306316 48.831943878531455 0.5900000000000001
      vertex 13.351443879306316 48.831943878531455 0
      vertex 13.235849998891354 48.94280000180006 0
    endloop
  endfacet
  facet normal 0.4917508758232243 0.8707359393794952 0
    outer loop
      vertex 13.104354083538055 49.039941833913325 0.5900000000000001
      vertex 13.104354083538055 49.039941833913325 0
      vertex 12.958809182047844 49.12213877737522 0
    endloop
  endfacet
  facet normal 0.04080650820088391 -0.9991670675559975 0
    outer loop
      vertex 11.700964286923409 50.30295612066984 0.5900000000000001
      vertex 11.700964286923409 50.30295612066984 0
      vertex 12.020350001752377 50.31600000113249 0
    endloop
  endfacet
  facet normal -0.040863672232969814 -0.999164731308925 0
    outer loop
      vertex 12.020350001752377 50.31600000113249 0.5900000000000001
      vertex 12.020350001752377 50.31600000113249 0
      vertex 12.338439792394638 50.30299081802368 0
    endloop
  endfacet
  facet normal -0.13008374516576937 -0.991503010204027 0
    outer loop
      vertex 12.338439792394638 50.30299081802368 0.5900000000000001
      vertex 12.338439792394638 50.30299081802368 0
      vertex 12.6359091848135 50.26396326869726 0
    endloop
  endfacet
  facet normal -0.4450186038514401 -0.8955213242721332 0
    outer loop
      vertex 13.168986737728119 50.107853063941 0.5900000000000001
      vertex 13.168986737728119 50.107853063941 0
      vertex 13.404594898223877 49.99077040851116 0
    endloop
  endfacet
  facet normal -0.22872275017107438 -0.9734916042545927 0
    outer loop
      vertex 12.6359091848135 50.26396326869726 0.5900000000000001
      vertex 12.6359091848135 50.26396326869726 0
      vertex 12.9127581641078 50.19891734570265 0
    endloop
  endfacet
  facet normal -0.3348816522199324 -0.9422601970827634 0
    outer loop
      vertex 12.9127581641078 50.19891734570265 0.5900000000000001
      vertex 12.9127581641078 50.19891734570265 0
      vertex 13.168986737728119 50.107853063941 0
    endloop
  endfacet
  facet normal -0.5411947454229461 0.8408972871442697 0
    outer loop
      vertex 9.609600000083447 50.74350000321865 0.5900000000000001
      vertex 11.61685000360012 52.03534999638796 0.5900000000000001
      vertex 9.609600000083447 50.74350000321865 0
    endloop
  endfacet
  facet normal 0.8965162730236106 0.44301080371008467 0
    outer loop
      vertex 11.761440813541412 51.6565081641078 0.5900000000000001
      vertex 11.703074492514133 51.77462347000837 0
      vertex 11.703074492514133 51.77462347000837 0.5900000000000001
    endloop
  endfacet
  facet normal 0.9622495104197505 0.27216884409673053 0
    outer loop
      vertex 11.654877550899982 51.90090408325195 0.5900000000000001
      vertex 11.61685000360012 52.03534999638796 0
      vertex 11.61685000360012 52.03534999638796 0.5900000000000001
    endloop
  endfacet
  facet normal 0.9342659416714527 0.3565769906103785 0
    outer loop
      vertex 11.703074492514133 51.77462347000837 0.5900000000000001
      vertex 11.654877550899982 51.90090408325195 0
      vertex 11.654877550899982 51.90090408325195 0.5900000000000001
    endloop
  endfacet
  facet normal 0.521516598357951 -0.8532411368641057 -8.851007737525861e-17
    outer loop
      vertex 9.609600000083447 51.86920000016689 0.5900000000000001
      vertex 11.423600003123283 52.97795000076294 0
      vertex 11.423600003123283 52.97795000076294 0.5900000000000001
    endloop
  endfacet
  facet normal 1 0 0
    outer loop
      vertex 11.423600003123283 52.97795000076294 0.5900000000000001
      vertex 11.423600003123283 54.15110000371933 0
      vertex 11.423600003123283 54.15110000371933 0.5900000000000001
    endloop
  endfacet
  facet normal 0.577097034842 0.8166755857600808 0
    outer loop
      vertex 12.096600003540516 51.2656999990344 0.5900000000000001
      vertex 12.203545920550823 51.19012755304575 0.5900000000000001
      vertex 12.096600003540516 51.2656999990344 0
    endloop
  endfacet
  facet normal 0.7252466695922005 0.6884891199179707 0
    outer loop
      vertex 11.908681631088257 51.44477346688509 0.5900000000000001
      vertex 11.997556120157242 51.35115408301353 0.5900000000000001
      vertex 11.908681631088257 51.44477346688509 0
    endloop
  endfacet
  facet normal 0.8486326252439325 0.5289826720901086 0
    outer loop
      vertex 11.82997652888298 51.54655816555023 0.5900000000000001
      vertex 11.761440813541412 51.6565081641078 0
      vertex 11.761440813541412 51.6565081641078 0.5900000000000001
    endloop
  endfacet
  facet normal 0.7910845693843931 0.6117067958441442 0
    outer loop
      vertex 11.82997652888298 51.54655816555023 0.5900000000000001
      vertex 11.908681631088257 51.44477346688509 0.5900000000000001
      vertex 11.82997652888298 51.54655816555023 0
    endloop
  endfacet
  facet normal 0.6532527982471604 0.7571398692330596 0
    outer loop
      vertex 12.096600003540516 51.2656999990344 0.5900000000000001
      vertex 11.997556120157242 51.35115408301353 0
      vertex 11.997556120157242 51.35115408301353 0.5900000000000001
    endloop
  endfacet
  facet normal 0.4939854463704827 0.8694701712963793 0
    outer loop
      vertex 12.203545920550823 51.19012755304575 0.5900000000000001
      vertex 12.31609795987606 51.126181633770464 0.5900000000000001
      vertex 12.203545920550823 51.19012755304575 0
    endloop
  endfacet
  facet normal 0.40487573738034865 0.9143717172357853 0
    outer loop
      vertex 12.31609795987606 51.126181633770464 0.5900000000000001
      vertex 12.434256121516228 51.07386224120855 0.5900000000000001
      vertex 12.31609795987606 51.126181633770464 0
    endloop
  endfacet
  facet normal 0.3123434027062528 0.9499692620216085 0
    outer loop
      vertex 12.434256121516228 51.07386224120855 0.5900000000000001
      vertex 12.558020405471325 51.03316939026117 0.5900000000000001
      vertex 12.434256121516228 51.07386224120855 0
    endloop
  endfacet
  facet normal -0.8678674152183299 -0.49679588323803053 0
    outer loop
      vertex 12.339531630277634 52.271051020920275 0.5900000000000001
      vertex 12.296912245452404 52.34550408422947 0.5900000000000001
      vertex 12.339531630277634 52.271051020920275 0
    endloop
  endfacet
  facet normal -0.9215311666083824 -0.38830440245945397 0
    outer loop
      vertex 12.296912245452404 52.34550408422947 0.5900000000000001
      vertex 12.262041836977005 52.4282591804862 0.5900000000000001
      vertex 12.296912245452404 52.34550408422947 0
    endloop
  endfacet
  facet normal -0.7083423255611809 -0.7058690741338495 0
    outer loop
      vertex 12.389899998903275 52.2048999980092 0.5900000000000001
      vertex 12.447270408272743 52.14732857197523 0
      vertex 12.447270408272743 52.14732857197523 0.5900000000000001
    endloop
  endfacet
  facet normal -0.4957452492452803 -0.8684679889614441 0
    outer loop
      vertex 12.510867349803448 52.09861428439617 0.5900000000000001
      vertex 12.580690816044807 52.058757142722605 0
      vertex 12.580690816044807 52.058757142722605 0.5900000000000001
    endloop
  endfacet
  facet normal -0.6080905400113022 -0.7938676811338039 0
    outer loop
      vertex 12.510867349803448 52.09861428439617 0.5900000000000001
      vertex 12.447270408272743 52.14732857197523 0.5900000000000001
      vertex 12.510867349803448 52.09861428439617 0
    endloop
  endfacet
  facet normal -0.7956195980240148 -0.6057965460780583 0
    outer loop
      vertex 12.339531630277634 52.271051020920275 0.5900000000000001
      vertex 12.389899998903275 52.2048999980092 0
      vertex 12.389899998903275 52.2048999980092 0.5900000000000001
    endloop
  endfacet
  facet normal 0.21921061278431642 0.9756775631543059 0
    outer loop
      vertex 12.558020405471325 51.03316939026117 0.5900000000000001
      vertex 12.687390819191933 51.00410305857658 0.5900000000000001
      vertex 12.558020405471325 51.03316939026117 0
    endloop
  endfacet
  facet normal 0.1281409154196446 0.9917559708897222 0
    outer loop
      vertex 12.687390819191933 51.00410305857658 0.5900000000000001
      vertex 12.82236734777689 50.986663268506526 0.5900000000000001
      vertex 12.687390819191933 51.00410305857658 0
    endloop
  endfacet
  facet normal 0.0413159589724706 0.9991461312211467 0
    outer loop
      vertex 12.82236734777689 50.986663268506526 0.5900000000000001
      vertex 12.962949998676777 50.98084999769926 0.5900000000000001
      vertex 12.82236734777689 50.986663268506526 0
    endloop
  endfacet
  facet normal -0.049805301279512014 0.9987589458745574 0
    outer loop
      vertex 12.962949998676777 50.98084999769926 0.5900000000000001
      vertex 13.153067350387573 50.990330615639685 0.5900000000000001
      vertex 12.962949998676777 50.98084999769926 0
    endloop
  endfacet
  facet normal -0.15862011630739947 0.987339687596233 0
    outer loop
      vertex 13.153067350387573 50.990330615639685 0.5900000000000001
      vertex 13.330105103552341 51.01877244710922 0.5900000000000001
      vertex 13.153067350387573 50.990330615639685 0
    endloop
  endfacet
  facet normal -0.27774172997003804 0.9606557819704467 0
    outer loop
      vertex 13.330105103552341 51.01877244710922 0.5900000000000001
      vertex 13.494063265621662 51.06617550700903 0.5900000000000001
      vertex 13.330105103552341 51.01877244710922 0
    endloop
  endfacet
  facet normal -0.2598802758002806 -0.9656408453715957 0
    outer loop
      vertex 12.656740814447403 52.027757139503954 0.5900000000000001
      vertex 12.739017345011234 52.0056142821908 0
      vertex 12.739017345011234 52.0056142821908 0.5900000000000001
    endloop
  endfacet
  facet normal -0.14845248547556475 -0.9889195414977536 0
    outer loop
      vertex 12.739017345011234 52.0056142821908 0.5900000000000001
      vertex 12.827520407736301 51.99232857078314 0
      vertex 12.827520407736301 51.99232857078314 0.5900000000000001
    endloop
  endfacet
  facet normal -0.046698621401550844 -0.9989090242655708 0
    outer loop
      vertex 12.827520407736301 51.99232857078314 0.5900000000000001
      vertex 12.922250002622604 51.98789999783039 0
      vertex 12.922250002622604 51.98789999783039 0.5900000000000001
    endloop
  endfacet
  facet normal -0.37747097311852434 -0.92602141684356 0
    outer loop
      vertex 12.580690816044807 52.058757142722605 0.5900000000000001
      vertex 12.656740814447403 52.027757139503954 0
      vertex 12.656740814447403 52.027757139503954 0.5900000000000001
    endloop
  endfacet
  facet normal 0.09804566749265081 -0.9951819165790347 0
    outer loop
      vertex 12.922250002622604 51.98789999783039 0.5900000000000001
      vertex 13.104860201478004 52.005890817940234 0
      vertex 13.104860201478004 52.005890817940234 0.5900000000000001
    endloop
  endfacet
  facet normal 0.3297610393302283 -0.9440644347394131 0
    outer loop
      vertex 13.104860201478004 52.005890817940234 0.5900000000000001
      vertex 13.259376533329487 52.059863263368605 0
      vertex 13.259376533329487 52.059863263368605 0.5900000000000001
    endloop
  endfacet
  facet normal 0.579753524534327 -0.8147919064337995 0
    outer loop
      vertex 13.259376533329487 52.059863263368605 0.5900000000000001
      vertex 13.38579898327589 52.149817349016665 0
      vertex 13.38579898327589 52.149817349016665 0.5900000000000001
    endloop
  endfacet
  facet normal -0.9583913635103968 -0.28545751759006543 0
    outer loop
      vertex 12.262041836977005 52.4282591804862 0.5900000000000001
      vertex 12.234920404851437 52.519316324591635 0.5900000000000001
      vertex 12.262041836977005 52.4282591804862 0
    endloop
  endfacet
  facet normal -0.9815178950981907 -0.191370378068334 0
    outer loop
      vertex 12.234920404851437 52.519316324591635 0.5900000000000001
      vertex 12.21554795652628 52.61867550909519 0.5900000000000001
      vertex 12.234920404851437 52.519316324591635 0
    endloop
  endfacet
  facet normal -0.9942224187046815 -0.10733956467683707 0
    outer loop
      vertex 12.21554795652628 52.61867550909519 0.5900000000000001
      vertex 12.203924492001534 52.72633673399687 0.5900000000000001
      vertex 12.21554795652628 52.61867550909519 0
    endloop
  endfacet
  facet normal -0.9994423058882079 -0.03339277168582958 0
    outer loop
      vertex 12.203924492001534 52.72633673399687 0.5900000000000001
      vertex 12.200049996376038 52.842299999296664 0.5900000000000001
      vertex 12.203924492001534 52.72633673399687 0
    endloop
  endfacet
  facet normal -1 0 0
    outer loop
      vertex 12.200049996376038 52.842299999296664 0.5900000000000001
      vertex 12.200049996376038 54.15110000371933 0.5900000000000001
      vertex 12.200049996376038 52.842299999296664 0
    endloop
  endfacet
  facet normal 0.521516598357951 -0.8532411368641057 0
    outer loop
      vertex 9.609600000083447 51.86920000016689 0.5900000000000001
      vertex 9.609600000083447 51.86920000016689 0
      vertex 11.423600003123283 52.97795000076294 0
    endloop
  endfacet
  facet normal -0.5411947454229461 0.8408972871442697 0
    outer loop
      vertex 11.61685000360012 52.03534999638796 0.5900000000000001
      vertex 11.61685000360012 52.03534999638796 0
      vertex 9.609600000083447 50.74350000321865 0
    endloop
  endfacet
  facet normal 0.9342659416714527 0.3565769906103785 0
    outer loop
      vertex 11.703074492514133 51.77462347000837 0.5900000000000001
      vertex 11.703074492514133 51.77462347000837 0
      vertex 11.654877550899982 51.90090408325195 0
    endloop
  endfacet
  facet normal 0.9622495104197505 0.27216884409673053 0
    outer loop
      vertex 11.654877550899982 51.90090408325195 0.5900000000000001
      vertex 11.654877550899982 51.90090408325195 0
      vertex 11.61685000360012 52.03534999638796 0
    endloop
  endfacet
  facet normal 1 0 0
    outer loop
      vertex 11.423600003123283 52.97795000076294 0.5900000000000001
      vertex 11.423600003123283 52.97795000076294 0
      vertex 11.423600003123283 54.15110000371933 0
    endloop
  endfacet
  facet normal 0.8486326252439325 0.5289826720901086 0
    outer loop
      vertex 11.82997652888298 51.54655816555023 0.5900000000000001
      vertex 11.82997652888298 51.54655816555023 0
      vertex 11.761440813541412 51.6565081641078 0
    endloop
  endfacet
  facet normal 0.7910845693843931 0.6117067958441442 0
    outer loop
      vertex 11.908681631088257 51.44477346688509 0.5900000000000001
      vertex 11.908681631088257 51.44477346688509 0
      vertex 11.82997652888298 51.54655816555023 0
    endloop
  endfacet
  facet normal 0.7252466695922005 0.6884891199179707 0
    outer loop
      vertex 11.997556120157242 51.35115408301353 0.5900000000000001
      vertex 11.997556120157242 51.35115408301353 0
      vertex 11.908681631088257 51.44477346688509 0
    endloop
  endfacet
  facet normal 0.6532527982471604 0.7571398692330596 0
    outer loop
      vertex 12.096600003540516 51.2656999990344 0.5900000000000001
      vertex 12.096600003540516 51.2656999990344 0
      vertex 11.997556120157242 51.35115408301353 0
    endloop
  endfacet
  facet normal 0.577097034842 0.8166755857600808 0
    outer loop
      vertex 12.203545920550823 51.19012755304575 0.5900000000000001
      vertex 12.203545920550823 51.19012755304575 0
      vertex 12.096600003540516 51.2656999990344 0
    endloop
  endfacet
  facet normal 0.4939854463704827 0.8694701712963793 0
    outer loop
      vertex 12.31609795987606 51.126181633770464 0.5900000000000001
      vertex 12.31609795987606 51.126181633770464 0
      vertex 12.203545920550823 51.19012755304575 0
    endloop
  endfacet
  facet normal 0.3123434027062528 0.9499692620216085 0
    outer loop
      vertex 12.558020405471325 51.03316939026117 0.5900000000000001
      vertex 12.558020405471325 51.03316939026117 0
      vertex 12.434256121516228 51.07386224120855 0
    endloop
  endfacet
  facet normal 0.40487573738034865 0.9143717172357853 0
    outer loop
      vertex 12.434256121516228 51.07386224120855 0.5900000000000001
      vertex 12.434256121516228 51.07386224120855 0
      vertex 12.31609795987606 51.126181633770464 0
    endloop
  endfacet
  facet normal 0.8965162730236106 0.44301080371008467 0
    outer loop
      vertex 11.761440813541412 51.6565081641078 0.5900000000000001
      vertex 11.761440813541412 51.6565081641078 0
      vertex 11.703074492514133 51.77462347000837 0
    endloop
  endfacet
  facet normal -0.7956195980240148 -0.6057965460780583 0
    outer loop
      vertex 12.339531630277634 52.271051020920275 0.5900000000000001
      vertex 12.339531630277634 52.271051020920275 0
      vertex 12.389899998903275 52.2048999980092 0
    endloop
  endfacet
  facet normal -0.8678674152183299 -0.49679588323803053 0
    outer loop
      vertex 12.296912245452404 52.34550408422947 0.5900000000000001
      vertex 12.296912245452404 52.34550408422947 0
      vertex 12.339531630277634 52.271051020920275 0
    endloop
  endfacet
  facet normal -0.7083423255611809 -0.7058690741338495 0
    outer loop
      vertex 12.389899998903275 52.2048999980092 0.5900000000000001
      vertex 12.389899998903275 52.2048999980092 0
      vertex 12.447270408272743 52.14732857197523 0
    endloop
  endfacet
  facet normal -0.6080905400113022 -0.7938676811338039 0
    outer loop
      vertex 12.447270408272743 52.14732857197523 0.5900000000000001
      vertex 12.447270408272743 52.14732857197523 0
      vertex 12.510867349803448 52.09861428439617 0
    endloop
  endfacet
  facet normal -0.4957452492452803 -0.8684679889614441 0
    outer loop
      vertex 12.510867349803448 52.09861428439617 0.5900000000000001
      vertex 12.510867349803448 52.09861428439617 0
      vertex 12.580690816044807 52.058757142722605 0
    endloop
  endfacet
  facet normal 0.21921061278431642 0.9756775631543059 0
    outer loop
      vertex 12.687390819191933 51.00410305857658 0.5900000000000001
      vertex 12.687390819191933 51.00410305857658 0
      vertex 12.558020405471325 51.03316939026117 0
    endloop
  endfacet
  facet normal 0.1281409154196446 0.9917559708897222 0
    outer loop
      vertex 12.82236734777689 50.986663268506526 0.5900000000000001
      vertex 12.82236734777689 50.986663268506526 0
      vertex 12.687390819191933 51.00410305857658 0
    endloop
  endfacet
  facet normal 0.0413159589724706 0.9991461312211467 0
    outer loop
      vertex 12.962949998676777 50.98084999769926 0.5900000000000001
      vertex 12.962949998676777 50.98084999769926 0
      vertex 12.82236734777689 50.986663268506526 0
    endloop
  endfacet
  facet normal -0.049805301279512014 0.9987589458745574 0
    outer loop
      vertex 13.153067350387573 50.990330615639685 0.5900000000000001
      vertex 13.153067350387573 50.990330615639685 0
      vertex 12.962949998676777 50.98084999769926 0
    endloop
  endfacet
  facet normal -0.15862011630739947 0.987339687596233 0
    outer loop
      vertex 13.330105103552341 51.01877244710922 0.5900000000000001
      vertex 13.330105103552341 51.01877244710922 0
      vertex 13.153067350387573 50.990330615639685 0
    endloop
  endfacet
  facet normal -0.14845248547556475 -0.9889195414977536 0
    outer loop
      vertex 12.739017345011234 52.0056142821908 0.5900000000000001
      vertex 12.739017345011234 52.0056142821908 0
      vertex 12.827520407736301 51.99232857078314 0
    endloop
  endfacet
  facet normal -0.046698621401550844 -0.9989090242655708 0
    outer loop
      vertex 12.827520407736301 51.99232857078314 0.5900000000000001
      vertex 12.827520407736301 51.99232857078314 0
      vertex 12.922250002622604 51.98789999783039 0
    endloop
  endfacet
  facet normal 0.09804566749265081 -0.9951819165790347 0
    outer loop
      vertex 12.922250002622604 51.98789999783039 0.5900000000000001
      vertex 12.922250002622604 51.98789999783039 0
      vertex 13.104860201478004 52.005890817940234 0
    endloop
  endfacet
  facet normal -0.37747097311852434 -0.92602141684356 0
    outer loop
      vertex 12.580690816044807 52.058757142722605 0.5900000000000001
      vertex 12.580690816044807 52.058757142722605 0
      vertex 12.656740814447403 52.027757139503954 0
    endloop
  endfacet
  facet normal -0.2598802758002806 -0.9656408453715957 0
    outer loop
      vertex 12.656740814447403 52.027757139503954 0.5900000000000001
      vertex 12.656740814447403 52.027757139503954 0
      vertex 12.739017345011234 52.0056142821908 0
    endloop
  endfacet
  facet normal 0.3297610393302283 -0.9440644347394131 0
    outer loop
      vertex 13.104860201478004 52.005890817940234 0.5900000000000001
      vertex 13.104860201478004 52.005890817940234 0
      vertex 13.259376533329487 52.059863263368605 0
    endloop
  endfacet
  facet normal 0.579753524534327 -0.8147919064337995 0
    outer loop
      vertex 13.259376533329487 52.059863263368605 0.5900000000000001
      vertex 13.259376533329487 52.059863263368605 0
      vertex 13.38579898327589 52.149817349016665 0
    endloop
  endfacet
  facet normal -0.9583913635103968 -0.28545751759006543 0
    outer loop
      vertex 12.234920404851437 52.519316324591635 0.5900000000000001
      vertex 12.234920404851437 52.519316324591635 0
      vertex 12.262041836977005 52.4282591804862 0
    endloop
  endfacet
  facet normal -0.9215311666083824 -0.38830440245945397 0
    outer loop
      vertex 12.262041836977005 52.4282591804862 0.5900000000000001
      vertex 12.262041836977005 52.4282591804862 0
      vertex 12.296912245452404 52.34550408422947 0
    endloop
  endfacet
  facet normal -0.9815178950981907 -0.191370378068334 0
    outer loop
      vertex 12.21554795652628 52.61867550909519 0.5900000000000001
      vertex 12.21554795652628 52.61867550909519 0
      vertex 12.234920404851437 52.519316324591635 0
    endloop
  endfacet
  facet normal -0.9942224187046815 -0.10733956467683707 0
    outer loop
      vertex 12.203924492001534 52.72633673399687 0.5900000000000001
      vertex 12.203924492001534 52.72633673399687 0
      vertex 12.21554795652628 52.61867550909519 0
    endloop
  endfacet
  facet normal -0.9994423058882079 -0.03339277168582958 0
    outer loop
      vertex 12.200049996376038 52.842299999296664 0.5900000000000001
      vertex 12.200049996376038 52.842299999296664 0
      vertex 12.203924492001534 52.72633673399687 0
    endloop
  endfacet
  facet normal -1 0 0
    outer loop
      vertex 12.200049996376038 54.15110000371933 0.5900000000000001
      vertex 12.200049996376038 54.15110000371933 0
      vertex 12.200049996376038 52.842299999296664 0
    endloop
  endfacet
  facet normal 0 0 -1
    outer loop
      vertex 9.609600000083447 54.15110000371933 0.5900000000000001
      vertex 9.609600000083447 55.15135000050068 0.5900000000000001
      vertex 11.423600003123283 54.15110000371933 0.5900000000000001
    endloop
  endfacet
  facet normal 0 0 -1
    outer loop
      vertex 11.362549997866154 55.94839999973774 0.5900000000000001
      vertex 11.362549997866154 58.39305000156164 0.5900000000000001
      vertex 12.135600000619888 55.94839999973774 0.5900000000000001
    endloop
  endfacet
  facet normal 0 0 -1
    outer loop
      vertex 9.609600000083447 55.15135000050068 0.5900000000000001
      vertex 14.387000001966953 55.15135000050068 0.5900000000000001
      vertex 11.423600003123283 54.15110000371933 0.5900000000000001
    endloop
  endfacet
  facet normal 0 0 -1
    outer loop
      vertex 11.423600003123283 54.15110000371933 0.5900000000000001
      vertex 14.387000001966953 55.15135000050068 0.5900000000000001
      vertex 12.200049996376038 54.15110000371933 0.5900000000000001
    endloop
  endfacet
  facet normal 0 0 -1
    outer loop
      vertex 12.200049996376038 54.15110000371933 0.5900000000000001
      vertex 14.387000001966953 55.15135000050068 0.5900000000000001
      vertex 13.610550001263618 54.15110000371933 0.5900000000000001
    endloop
  endfacet
  facet normal 0 0 -1
    outer loop
      vertex 9.609600000083447 58.39305000156164 0.5900000000000001
      vertex 9.609600000083447 59.39329999834299 0.5900000000000001
      vertex 11.362549997866154 58.39305000156164 0.5900000000000001
    endloop
  endfacet
  facet normal 0 0 -1
    outer loop
      vertex 12.135600000619888 55.94839999973774 0.5900000000000001
      vertex 11.362549997866154 58.39305000156164 0.5900000000000001
      vertex 12.135600000619888 58.39305000156164 0.5900000000000001
    endloop
  endfacet
  facet normal 0 0 -1
    outer loop
      vertex 11.362549997866154 58.39305000156164 0.5900000000000001
      vertex 9.609600000083447 59.39329999834299 0.5900000000000001
      vertex 14.387000001966953 59.39329999834299 0.5900000000000001
    endloop
  endfacet
  facet normal 0 0 -1
    outer loop
      vertex 11.362549997866154 58.39305000156164 0.5900000000000001
      vertex 14.387000001966953 59.39329999834299 0.5900000000000001
      vertex 12.135600000619888 58.39305000156164 0.5900000000000001
    endloop
  endfacet
  facet normal 0 0 -1
    outer loop
      vertex 12.135600000619888 58.39305000156164 0.5900000000000001
      vertex 14.387000001966953 59.39329999834299 0.5900000000000001
      vertex 13.613949999213219 58.39305000156164 0.5900000000000001
    endloop
  endfacet
  facet normal 1 0 0
    outer loop
      vertex 9.609600000083447 54.15110000371933 0.5900000000000001
      vertex 9.609600000083447 55.15135000050068 0
      vertex 9.609600000083447 55.15135000050068 0.5900000000000001
    endloop
  endfacet
  facet normal 1 0 0
    outer loop
      vertex 9.609600000083447 54.15110000371933 0.5900000000000001
      vertex 9.609600000083447 54.15110000371933 0
      vertex 9.609600000083447 55.15135000050068 0
    endloop
  endfacet
  facet normal 1 0 0
    outer loop
      vertex 9.609600000083447 58.39305000156164 0.5900000000000001
      vertex 9.609600000083447 59.39329999834299 0
      vertex 9.609600000083447 59.39329999834299 0.5900000000000001
    endloop
  endfacet
  facet normal 1 0 0
    outer loop
      vertex 9.609600000083447 58.39305000156164 0.5900000000000001
      vertex 9.609600000083447 58.39305000156164 0
      vertex 9.609600000083447 59.39329999834299 0
    endloop
  endfacet
  facet normal 0 1 0
    outer loop
      vertex 9.609600000083447 54.15110000371933 0.5900000000000001
      vertex 11.423600003123283 54.15110000371933 0.5900000000000001
      vertex 9.609600000083447 54.15110000371933 0
    endloop
  endfacet
  facet normal 0 1 0
    outer loop
      vertex 11.362549997866154 55.94839999973774 0.5900000000000001
      vertex 12.135600000619888 55.94839999973774 0.5900000000000001
      vertex 11.362549997866154 55.94839999973774 0
    endloop
  endfacet
  facet normal 0 1 0
    outer loop
      vertex 12.200049996376038 54.15110000371933 0.5900000000000001
      vertex 13.610550001263618 54.15110000371933 0.5900000000000001
      vertex 12.200049996376038 54.15110000371933 0
    endloop
  endfacet
  facet normal 0 -1 0
    outer loop
      vertex 9.609600000083447 55.15135000050068 0.5900000000000001
      vertex 14.387000001966953 55.15135000050068 0
      vertex 14.387000001966953 55.15135000050068 0.5900000000000001
    endloop
  endfacet
  facet normal -1 0 0
    outer loop
      vertex 12.135600000619888 55.94839999973774 0.5900000000000001
      vertex 12.135600000619888 58.39305000156164 0.5900000000000001
      vertex 12.135600000619888 55.94839999973774 0
    endloop
  endfacet
  facet normal 0 1 0
    outer loop
      vertex 11.423600003123283 54.15110000371933 0.5900000000000001
      vertex 11.423600003123283 54.15110000371933 0
      vertex 9.609600000083447 54.15110000371933 0
    endloop
  endfacet
  facet normal 0 -1 0
    outer loop
      vertex 9.609600000083447 55.15135000050068 0.5900000000000001
      vertex 9.609600000083447 55.15135000050068 0
      vertex 14.387000001966953 55.15135000050068 0
    endloop
  endfacet
  facet normal 1 0 0
    outer loop
      vertex 11.362549997866154 55.94839999973774 0.5900000000000001
      vertex 11.362549997866154 55.94839999973774 0
      vertex 11.362549997866154 58.39305000156164 0
    endloop
  endfacet
  facet normal 0 1 0
    outer loop
      vertex 13.610550001263618 54.15110000371933 0.5900000000000001
      vertex 13.610550001263618 54.15110000371933 0
      vertex 12.200049996376038 54.15110000371933 0
    endloop
  endfacet
  facet normal 0 1 0
    outer loop
      vertex 12.135600000619888 55.94839999973774 0.5900000000000001
      vertex 12.135600000619888 55.94839999973774 0
      vertex 11.362549997866154 55.94839999973774 0
    endloop
  endfacet
  facet normal 1 0 0
    outer loop
      vertex 11.362549997866154 55.94839999973774 0.5900000000000001
      vertex 11.362549997866154 58.39305000156164 0
      vertex 11.362549997866154 58.39305000156164 0.5900000000000001
    endloop
  endfacet
  facet normal 0 1 0
    outer loop
      vertex 9.609600000083447 58.39305000156164 0.5900000000000001
      vertex 11.362549997866154 58.39305000156164 0.5900000000000001
      vertex 9.609600000083447 58.39305000156164 0
    endloop
  endfacet
  facet normal 0 1 0
    outer loop
      vertex 12.135600000619888 58.39305000156164 0.5900000000000001
      vertex 13.613949999213219 58.39305000156164 0.5900000000000001
      vertex 12.135600000619888 58.39305000156164 0
    endloop
  endfacet
  facet normal 0 -1 0
    outer loop
      vertex 9.609600000083447 59.39329999834299 0.5900000000000001
      vertex 14.387000001966953 59.39329999834299 0
      vertex 14.387000001966953 59.39329999834299 0.5900000000000001
    endloop
  endfacet
  facet normal 0 1 0
    outer loop
      vertex 11.362549997866154 58.39305000156164 0.5900000000000001
      vertex 11.362549997866154 58.39305000156164 0
      vertex 9.609600000083447 58.39305000156164 0
    endloop
  endfacet
  facet normal 0 -1 0
    outer loop
      vertex 9.609600000083447 59.39329999834299 0.5900000000000001
      vertex 9.609600000083447 59.39329999834299 0
      vertex 14.387000001966953 59.39329999834299 0
    endloop
  endfacet
  facet normal -1 0 0
    outer loop
      vertex 12.135600000619888 58.39305000156164 0.5900000000000001
      vertex 12.135600000619888 58.39305000156164 0
      vertex 12.135600000619888 55.94839999973774 0
    endloop
  endfacet
  facet normal 0 1 0
    outer loop
      vertex 13.613949999213219 58.39305000156164 0.5900000000000001
      vertex 13.613949999213219 58.39305000156164 0
      vertex 12.135600000619888 58.39305000156164 0
    endloop
  endfacet
  facet normal 0 0 -1
    outer loop
      vertex 13.529280610382557 48.57286632955074 0.5900000000000001
      vertex 14.339868366718292 48.787292854487895 0.5900000000000001
      vertex 13.591523468494415 48.42464489638805 0.5900000000000001
    endloop
  endfacet
  facet normal 0 0 -1
    outer loop
      vertex 13.671549998223782 47.90524999946356 0.5900000000000001
      vertex 13.662658162415028 48.09083673506975 0.5900000000000001
      vertex 14.458200000226498 47.90524999946356 0.5900000000000001
    endloop
  endfacet
  facet normal 0 0 -1
    outer loop
      vertex 13.662658162415028 48.09083673506975 0.5900000000000001
      vertex 13.635982654988766 48.26396836489439 0.5900000000000001
      vertex 14.445052042603493 48.21960714608431 0.5900000000000001
    endloop
  endfacet
  facet normal 0 0 -1
    outer loop
      vertex 13.662658162415028 48.09083673506975 0.5900000000000001
      vertex 14.445052042603493 48.21960714608431 0.5900000000000001
      vertex 14.458200000226498 47.90524999946356 0.5900000000000001
    endloop
  endfacet
  facet normal 0 0 -1
    outer loop
      vertex 13.635982654988766 48.26396836489439 0.5900000000000001
      vertex 13.591523468494415 48.42464489638805 0.5900000000000001
      vertex 14.405608162283897 48.51362142860889 0.5900000000000001
    endloop
  endfacet
  facet normal 0 0 -1
    outer loop
      vertex 13.635982654988766 48.26396836489439 0.5900000000000001
      vertex 14.405608162283897 48.51362142860889 0.5900000000000001
      vertex 14.445052042603493 48.21960714608431 0.5900000000000001
    endloop
  endfacet
  facet normal 0 0 -1
    outer loop
      vertex 13.591523468494415 48.42464489638805 0.5900000000000001
      vertex 14.339868366718292 48.787292854487895 0.5900000000000001
      vertex 14.405608162283897 48.51362142860889 0.5900000000000001
    endloop
  endfacet
  facet normal 0 0 -1
    outer loop
      vertex 13.529280610382557 48.57286632955074 0.5900000000000001
      vertex 13.44925408065319 48.708632649481295 0.5900000000000001
      vertex 14.247832655906677 49.04062143117189 0.5900000000000001
    endloop
  endfacet
  facet normal 0 0 -1
    outer loop
      vertex 13.44925408065319 48.708632649481295 0.5900000000000001
      vertex 13.351443879306316 48.831943878531455 0.5900000000000001
      vertex 14.129501022398472 49.273607143759726 0.5900000000000001
    endloop
  endfacet
  facet normal 0 0 -1
    outer loop
      vertex 13.351443879306316 48.831943878531455 0.5900000000000001
      vertex 13.235849998891354 48.94280000180006 0.5900000000000001
      vertex 13.984873466193676 49.486249999701975 0.5900000000000001
    endloop
  endfacet
  facet normal 0 0 -1
    outer loop
      vertex 13.351443879306316 48.831943878531455 0.5900000000000001
      vertex 13.984873466193676 49.486249999701975 0.5900000000000001
      vertex 14.129501022398472 49.273607143759726 0.5900000000000001
    endloop
  endfacet
  facet normal 0 0 -1
    outer loop
      vertex 13.235849998891354 48.94280000180006 0.5900000000000001
      vertex 13.813950002193451 49.67854999899864 0.5900000000000001
      vertex 13.984873466193676 49.486249999701975 0.5900000000000001
    endloop
  endfacet
  facet normal 0 0 -1
    outer loop
      vertex 13.529280610382557 48.57286632955074 0.5900000000000001
      vertex 14.247832655906677 49.04062143117189 0.5900000000000001
      vertex 14.339868366718292 48.787292854487895 0.5900000000000001
    endloop
  endfacet
  facet normal 0 0 -1
    outer loop
      vertex 13.44925408065319 48.708632649481295 0.5900000000000001
      vertex 14.129501022398472 49.273607143759726 0.5900000000000001
      vertex 14.247832655906677 49.04062143117189 0.5900000000000001
    endloop
  endfacet
  facet normal 0 0 -1
    outer loop
      vertex 13.104354083538055 49.039941833913325 0.5900000000000001
      vertex 13.619582653045654 49.84766938686371 0.5900000000000001
      vertex 13.813950002193451 49.67854999899864 0.5900000000000001
    endloop
  endfacet
  facet normal 0 0 -1
    outer loop
      vertex 13.494063265621662 51.06617550700903 0.5900000000000001
      vertex 13.259376533329487 52.059863263368605 0.5900000000000001
      vertex 13.644941836595535 51.132539795339106 0.5900000000000001
    endloop
  endfacet
  facet normal 0 0 -1
    outer loop
      vertex 13.644941836595535 51.132539795339106 0.5900000000000001
      vertex 13.259376533329487 52.059863263368605 0.5900000000000001
      vertex 13.78274081647396 51.217865304648875 0.5900000000000001
    endloop
  endfacet
  facet normal 0 0 -1
    outer loop
      vertex 13.78274081647396 51.217865304648875 0.5900000000000001
      vertex 13.259376533329487 52.059863263368605 0.5900000000000001
      vertex 13.907460205256939 51.322152042388915 0.5900000000000001
    endloop
  endfacet
  facet normal 0 0 -1
    outer loop
      vertex 13.38579898327589 52.149817349016665 0.5900000000000001
      vertex 14.01910000294447 51.445400001108645 0.5900000000000001
      vertex 13.907460205256939 51.322152042388915 0.5900000000000001
    endloop
  endfacet
  facet normal 0 0 -1
    outer loop
      vertex 13.259376533329487 52.059863263368605 0.5900000000000001
      vertex 13.38579898327589 52.149817349016665 0.5900000000000001
      vertex 13.907460205256939 51.322152042388915 0.5900000000000001
    endloop
  endfacet
  facet normal 0 0 -1
    outer loop
      vertex 13.38579898327589 52.149817349016665 0.5900000000000001
      vertex 13.484127551317215 52.27575305998325 0.5900000000000001
      vertex 14.199295915663242 51.74266122430563 0.5900000000000001
    endloop
  endfacet
  facet normal 0 0 -1
    outer loop
      vertex 13.484127551317215 52.27575305998325 0.5900000000000001
      vertex 13.554362244904041 52.43767041116953 0.5900000000000001
      vertex 14.319426529109478 52.10358775556087 0.5900000000000001
    endloop
  endfacet
  facet normal 0 0 -1
    outer loop
      vertex 13.38579898327589 52.149817349016665 0.5900000000000001
      vertex 14.116706125438213 51.586072446405886 0.5900000000000001
      vertex 14.01910000294447 51.445400001108645 0.5900000000000001
    endloop
  endfacet
  facet normal 0 0 -1
    outer loop
      vertex 13.38579898327589 52.149817349016665 0.5900000000000001
      vertex 14.199295915663242 51.74266122430563 0.5900000000000001
      vertex 14.116706125438213 51.586072446405886 0.5900000000000001
    endloop
  endfacet
  facet normal 0 0 -1
    outer loop
      vertex 13.484127551317215 52.27575305998325 0.5900000000000001
      vertex 14.266869388520718 51.91516632735729 0.5900000000000001
      vertex 14.199295915663242 51.74266122430563 0.5900000000000001
    endloop
  endfacet
  facet normal 0 0 -1
    outer loop
      vertex 13.484127551317215 52.27575305998325 0.5900000000000001
      vertex 14.319426529109478 52.10358775556087 0.5900000000000001
      vertex 14.266869388520718 51.91516632735729 0.5900000000000001
    endloop
  endfacet
  facet normal 0 0 -1
    outer loop
      vertex 13.554362244904041 52.43767041116953 0.5900000000000001
      vertex 14.356967344880104 52.30792550891638 0.5900000000000001
      vertex 14.319426529109478 52.10358775556087 0.5900000000000001
    endloop
  endfacet
  facet normal 0 0 -1
    outer loop
      vertex 13.554362244904041 52.43767041116953 0.5900000000000001
      vertex 13.59650306403637 52.63556938767433 0.5900000000000001
      vertex 14.356967344880104 52.30792550891638 0.5900000000000001
    endloop
  endfacet
  facet normal 0 0 -1
    outer loop
      vertex 13.59650306403637 52.63556938767433 0.5900000000000001
      vertex 13.610550001263618 52.86944999694824 0.5900000000000001
      vertex 14.387000001966953 52.764349998533724 0.5900000000000001
    endloop
  endfacet
  facet normal 0 0 -1
    outer loop
      vertex 13.59650306403637 52.63556938767433 0.5900000000000001
      vertex 14.379491835832596 52.52817959487438 0.5900000000000001
      vertex 14.356967344880104 52.30792550891638 0.5900000000000001
    endloop
  endfacet
  facet normal 0 0 -1
    outer loop
      vertex 13.59650306403637 52.63556938767433 0.5900000000000001
      vertex 14.387000001966953 52.764349998533724 0.5900000000000001
      vertex 14.379491835832596 52.52817959487438 0.5900000000000001
    endloop
  endfacet
  facet normal 0 0 -1
    outer loop
      vertex 13.610550001263618 52.86944999694824 0.5900000000000001
      vertex 13.610550001263618 54.15110000371933 0.5900000000000001
      vertex 14.387000001966953 52.764349998533724 0.5900000000000001
    endloop
  endfacet
  facet normal 0.9988541913901443 0.047857124258995104 0
    outer loop
      vertex 13.671549998223782 47.90524999946356 0.5900000000000001
      vertex 13.662658162415028 48.09083673506975 0
      vertex 13.662658162415028 48.09083673506975 0.5900000000000001
    endloop
  endfacet
  facet normal 0.9883374648627715 0.15227953095747848 0
    outer loop
      vertex 13.662658162415028 48.09083673506975 0.5900000000000001
      vertex 13.635982654988766 48.26396836489439 0
      vertex 13.635982654988766 48.26396836489439 0.5900000000000001
    endloop
  endfacet
  facet normal 0.9637853136717004 0.2666793376899345 0
    outer loop
      vertex 13.635982654988766 48.26396836489439 0.5900000000000001
      vertex 13.591523468494415 48.42464489638805 0
      vertex 13.591523468494415 48.42464489638805 0.5900000000000001
    endloop
  endfacet
  facet normal 0.922004631793738 0.38717884620791676 0
    outer loop
      vertex 13.529280610382557 48.57286632955074 0.5900000000000001
      vertex 13.591523468494415 48.42464489638805 0.5900000000000001
      vertex 13.529280610382557 48.57286632955074 0
    endloop
  endfacet
  facet normal 0.8614791258454141 0.507792985115609 0
    outer loop
      vertex 13.529280610382557 48.57286632955074 0.5900000000000001
      vertex 13.44925408065319 48.708632649481295 0
      vertex 13.44925408065319 48.708632649481295 0.5900000000000001
    endloop
  endfacet
  facet normal -0.8915948067838656 -0.4528340761427319 0
    outer loop
      vertex 14.247832655906677 49.04062143117189 0.5900000000000001
      vertex 14.129501022398472 49.273607143759726 0.5900000000000001
      vertex 14.247832655906677 49.04062143117189 0
    endloop
  endfacet
  facet normal -0.8268715053130125 -0.5623908904857838 0
    outer loop
      vertex 13.984873466193676 49.486249999701975 0.5900000000000001
      vertex 14.129501022398472 49.273607143759726 0
      vertex 14.129501022398472 49.273607143759726 0.5900000000000001
    endloop
  endfacet
  facet normal -0.999126484561876 -0.041788369757948085 0
    outer loop
      vertex 14.445052042603493 48.21960714608431 0.5900000000000001
      vertex 14.458200000226498 47.90524999946356 0
      vertex 14.458200000226498 47.90524999946356 0.5900000000000001
    endloop
  endfacet
  facet normal -0.9911207164339624 -0.13296512871963545 0
    outer loop
      vertex 14.445052042603493 48.21960714608431 0.5900000000000001
      vertex 14.405608162283897 48.51362142860889 0.5900000000000001
      vertex 14.445052042603493 48.21960714608431 0
    endloop
  endfacet
  facet normal -0.972339991794729 -0.2335699902740642 0
    outer loop
      vertex 14.405608162283897 48.51362142860889 0.5900000000000001
      vertex 14.339868366718292 48.787292854487895 0.5900000000000001
      vertex 14.405608162283897 48.51362142860889 0
    endloop
  endfacet
  facet normal -0.9398932047254467 -0.34146853985532777 0
    outer loop
      vertex 14.247832655906677 49.04062143117189 0.5900000000000001
      vertex 14.339868366718292 48.787292854487895 0
      vertex 14.339868366718292 48.787292854487895 0.5900000000000001
    endloop
  endfacet
  facet normal -0.6564092063183445 -0.7544050330296858 0
    outer loop
      vertex 13.619582653045654 49.84766938686371 0.5900000000000001
      vertex 13.813950002193451 49.67854999899864 0
      vertex 13.813950002193451 49.67854999899864 0.5900000000000001
    endloop
  endfacet
  facet normal -0.5540991833389712 -0.8324506562091746 0
    outer loop
      vertex 13.619582653045654 49.84766938686371 0.5900000000000001
      vertex 13.404594898223877 49.99077040851116 0.5900000000000001
      vertex 13.619582653045654 49.84766938686371 0
    endloop
  endfacet
  facet normal -0.747428364872188 -0.664342411249265 0
    outer loop
      vertex 13.813950002193451 49.67854999899864 0.5900000000000001
      vertex 13.984873466193676 49.486249999701975 0
      vertex 13.984873466193676 49.486249999701975 0.5900000000000001
    endloop
  endfacet
  facet normal 0.9988541913901443 0.047857124258995104 0
    outer loop
      vertex 13.671549998223782 47.90524999946356 0.5900000000000001
      vertex 13.671549998223782 47.90524999946356 0
      vertex 13.662658162415028 48.09083673506975 0
    endloop
  endfacet
  facet normal 0.9883374648627715 0.15227953095747848 0
    outer loop
      vertex 13.662658162415028 48.09083673506975 0.5900000000000001
      vertex 13.662658162415028 48.09083673506975 0
      vertex 13.635982654988766 48.26396836489439 0
    endloop
  endfacet
  facet normal 0.9637853136717004 0.2666793376899345 0
    outer loop
      vertex 13.635982654988766 48.26396836489439 0.5900000000000001
      vertex 13.635982654988766 48.26396836489439 0
      vertex 13.591523468494415 48.42464489638805 0
    endloop
  endfacet
  facet normal 0.8614791258454141 0.507792985115609 0
    outer loop
      vertex 13.529280610382557 48.57286632955074 0.5900000000000001
      vertex 13.529280610382557 48.57286632955074 0
      vertex 13.44925408065319 48.708632649481295 0
    endloop
  endfacet
  facet normal 0.922004631793738 0.38717884620791676 0
    outer loop
      vertex 13.591523468494415 48.42464489638805 0.5900000000000001
      vertex 13.591523468494415 48.42464489638805 0
      vertex 13.529280610382557 48.57286632955074 0
    endloop
  endfacet
  facet normal 0.7834616707354464 0.6214401101380751 0
    outer loop
      vertex 13.44925408065319 48.708632649481295 0.5900000000000001
      vertex 13.44925408065319 48.708632649481295 0
      vertex 13.351443879306316 48.831943878531455 0
    endloop
  endfacet
  facet normal -0.8915948067838656 -0.4528340761427319 0
    outer loop
      vertex 14.129501022398472 49.273607143759726 0.5900000000000001
      vertex 14.129501022398472 49.273607143759726 0
      vertex 14.247832655906677 49.04062143117189 0
    endloop
  endfacet
  facet normal -0.999126484561876 -0.041788369757948085 0
    outer loop
      vertex 14.445052042603493 48.21960714608431 0.5900000000000001
      vertex 14.445052042603493 48.21960714608431 0
      vertex 14.458200000226498 47.90524999946356 0
    endloop
  endfacet
  facet normal -0.9911207164339624 -0.13296512871963545 0
    outer loop
      vertex 14.405608162283897 48.51362142860889 0.5900000000000001
      vertex 14.405608162283897 48.51362142860889 0
      vertex 14.445052042603493 48.21960714608431 0
    endloop
  endfacet
  facet normal -0.972339991794729 -0.2335699902740642 0
    outer loop
      vertex 14.339868366718292 48.787292854487895 0.5900000000000001
      vertex 14.339868366718292 48.787292854487895 0
      vertex 14.405608162283897 48.51362142860889 0
    endloop
  endfacet
  facet normal -0.9398932047254467 -0.34146853985532777 0
    outer loop
      vertex 14.247832655906677 49.04062143117189 0.5900000000000001
      vertex 14.247832655906677 49.04062143117189 0
      vertex 14.339868366718292 48.787292854487895 0
    endloop
  endfacet
  facet normal -0.5540991833389712 -0.8324506562091746 0
    outer loop
      vertex 13.404594898223877 49.99077040851116 0.5900000000000001
      vertex 13.404594898223877 49.99077040851116 0
      vertex 13.619582653045654 49.84766938686371 0
    endloop
  endfacet
  facet normal -0.6564092063183445 -0.7544050330296858 0
    outer loop
      vertex 13.619582653045654 49.84766938686371 0.5900000000000001
      vertex 13.619582653045654 49.84766938686371 0
      vertex 13.813950002193451 49.67854999899864 0
    endloop
  endfacet
  facet normal -0.8268715053130125 -0.5623908904857838 0
    outer loop
      vertex 13.984873466193676 49.486249999701975 0.5900000000000001
      vertex 13.984873466193676 49.486249999701975 0
      vertex 14.129501022398472 49.273607143759726 0
    endloop
  endfacet
  facet normal -0.747428364872188 -0.664342411249265 0
    outer loop
      vertex 13.813950002193451 49.67854999899864 0.5900000000000001
      vertex 13.813950002193451 49.67854999899864 0
      vertex 13.984873466193676 49.486249999701975 0
    endloop
  endfacet
  facet normal -0.40262535040364467 0.915364860158146 0
    outer loop
      vertex 13.494063265621662 51.06617550700903 0.5900000000000001
      vertex 13.644941836595535 51.132539795339106 0.5900000000000001
      vertex 13.494063265621662 51.06617550700903 0
    endloop
  endfacet
  facet normal -0.526449972681659 0.8502061081076049 0
    outer loop
      vertex 13.644941836595535 51.132539795339106 0.5900000000000001
      vertex 13.78274081647396 51.217865304648875 0.5900000000000001
      vertex 13.644941836595535 51.132539795339106 0
    endloop
  endfacet
  facet normal -0.6414682472207567 0.7671495863308082 0
    outer loop
      vertex 13.78274081647396 51.217865304648875 0.5900000000000001
      vertex 13.907460205256939 51.322152042388915 0.5900000000000001
      vertex 13.78274081647396 51.217865304648875 0
    endloop
  endfacet
  facet normal -0.7411475076427438 0.6713422166935051 0
    outer loop
      vertex 13.907460205256939 51.322152042388915 0.5900000000000001
      vertex 14.01910000294447 51.445400001108645 0.5900000000000001
      vertex 13.907460205256939 51.322152042388915 0
    endloop
  endfacet
  facet normal -0.8215972210012205 0.5700684225977366 0
    outer loop
      vertex 14.01910000294447 51.445400001108645 0.5900000000000001
      vertex 14.116706125438213 51.586072446405886 0.5900000000000001
      vertex 14.01910000294447 51.445400001108645 0
    endloop
  endfacet
  facet normal -0.8845113023934139 0.46651876268624703 0
    outer loop
      vertex 14.116706125438213 51.586072446405886 0.5900000000000001
      vertex 14.199295915663242 51.74266122430563 0.5900000000000001
      vertex 14.116706125438213 51.586072446405886 0
    endloop
  endfacet
  facet normal 0.7882025957677228 -0.6154158496699802 0
    outer loop
      vertex 13.38579898327589 52.149817349016665 0.5900000000000001
      vertex 13.484127551317215 52.27575305998325 0
      vertex 13.484127551317215 52.27575305998325 0.5900000000000001
    endloop
  endfacet
  facet normal 0.9174098179706345 -0.39794374714409986 0
    outer loop
      vertex 13.484127551317215 52.27575305998325 0.5900000000000001
      vertex 13.554362244904041 52.43767041116953 0
      vertex 13.554362244904041 52.43767041116953 0.5900000000000001
    endloop
  endfacet
  facet normal -0.9311118012009919 0.3647338943178226 0
    outer loop
      vertex 14.199295915663242 51.74266122430563 0.5900000000000001
      vertex 14.266869388520718 51.91516632735729 0.5900000000000001
      vertex 14.199295915663242 51.74266122430563 0
    endloop
  endfacet
  facet normal -0.9632301549556921 0.26867762948193774 0
    outer loop
      vertex 14.266869388520718 51.91516632735729 0.5900000000000001
      vertex 14.319426529109478 52.10358775556087 0.5900000000000001
      vertex 14.266869388520718 51.91516632735729 0
    endloop
  endfacet
  facet normal -0.9835391332662379 0.180695249893011 0
    outer loop
      vertex 14.319426529109478 52.10358775556087 0.5900000000000001
      vertex 14.356967344880104 52.30792550891638 0.5900000000000001
      vertex 14.319426529109478 52.10358775556087 0
    endloop
  endfacet
  facet normal -0.9948115008078802 0.10173533240901748 0
    outer loop
      vertex 14.356967344880104 52.30792550891638 0.5900000000000001
      vertex 14.379491835832596 52.52817959487438 0.5900000000000001
      vertex 14.356967344880104 52.30792550891638 0
    endloop
  endfacet
  facet normal 0.978071053193692 -0.208271493259596 0
    outer loop
      vertex 13.554362244904041 52.43767041116953 0.5900000000000001
      vertex 13.59650306403637 52.63556938767433 0
      vertex 13.59650306403637 52.63556938767433 0.5900000000000001
    endloop
  endfacet
  facet normal 0.9982012457217355 -0.05995225633431442 0
    outer loop
      vertex 13.59650306403637 52.63556938767433 0.5900000000000001
      vertex 13.610550001263618 52.86944999694824 0
      vertex 13.610550001263618 52.86944999694824 0.5900000000000001
    endloop
  endfacet
  facet normal 1 0 0
    outer loop
      vertex 13.610550001263618 52.86944999694824 0.5900000000000001
      vertex 13.610550001263618 54.15110000371933 0
      vertex 13.610550001263618 54.15110000371933 0.5900000000000001
    endloop
  endfacet
  facet normal -0.999495039091513 0.03177525501793873 0
    outer loop
      vertex 14.379491835832596 52.52817959487438 0.5900000000000001
      vertex 14.387000001966953 52.764349998533724 0.5900000000000001
      vertex 14.379491835832596 52.52817959487438 0
    endloop
  endfacet
  facet normal -1 0 0
    outer loop
      vertex 14.387000001966953 52.764349998533724 0.5900000000000001
      vertex 14.387000001966953 55.15135000050068 0.5900000000000001
      vertex 14.387000001966953 52.764349998533724 0
    endloop
  endfacet
  facet normal -0.27774172997003804 0.9606557819704467 0
    outer loop
      vertex 13.494063265621662 51.06617550700903 0.5900000000000001
      vertex 13.494063265621662 51.06617550700903 0
      vertex 13.330105103552341 51.01877244710922 0
    endloop
  endfacet
  facet normal -0.40262535040364467 0.915364860158146 0
    outer loop
      vertex 13.644941836595535 51.132539795339106 0.5900000000000001
      vertex 13.644941836595535 51.132539795339106 0
      vertex 13.494063265621662 51.06617550700903 0
    endloop
  endfacet
  facet normal -0.526449972681659 0.8502061081076049 0
    outer loop
      vertex 13.78274081647396 51.217865304648875 0.5900000000000001
      vertex 13.78274081647396 51.217865304648875 0
      vertex 13.644941836595535 51.132539795339106 0
    endloop
  endfacet
  facet normal -0.6414682472207567 0.7671495863308082 0
    outer loop
      vertex 13.907460205256939 51.322152042388915 0.5900000000000001
      vertex 13.907460205256939 51.322152042388915 0
      vertex 13.78274081647396 51.217865304648875 0
    endloop
  endfacet
  facet normal -0.7411475076427438 0.6713422166935051 0
    outer loop
      vertex 14.01910000294447 51.445400001108645 0.5900000000000001
      vertex 14.01910000294447 51.445400001108645 0
      vertex 13.907460205256939 51.322152042388915 0
    endloop
  endfacet
  facet normal -0.8215972210012205 0.5700684225977366 0
    outer loop
      vertex 14.116706125438213 51.586072446405886 0.5900000000000001
      vertex 14.116706125438213 51.586072446405886 0
      vertex 14.01910000294447 51.445400001108645 0
    endloop
  endfacet
  facet normal 0.7882025957677228 -0.6154158496699802 0
    outer loop
      vertex 13.38579898327589 52.149817349016665 0.5900000000000001
      vertex 13.38579898327589 52.149817349016665 0
      vertex 13.484127551317215 52.27575305998325 0
    endloop
  endfacet
  facet normal 0.9174098179706345 -0.39794374714409986 0
    outer loop
      vertex 13.484127551317215 52.27575305998325 0.5900000000000001
      vertex 13.484127551317215 52.27575305998325 0
      vertex 13.554362244904041 52.43767041116953 0
    endloop
  endfacet
  facet normal -0.8845113023934139 0.46651876268624703 0
    outer loop
      vertex 14.199295915663242 51.74266122430563 0.5900000000000001
      vertex 14.199295915663242 51.74266122430563 0
      vertex 14.116706125438213 51.586072446405886 0
    endloop
  endfacet
  facet normal -0.9311118012009919 0.3647338943178226 0
    outer loop
      vertex 14.266869388520718 51.91516632735729 0.5900000000000001
      vertex 14.266869388520718 51.91516632735729 0
      vertex 14.199295915663242 51.74266122430563 0
    endloop
  endfacet
  facet normal -0.9632301549556921 0.26867762948193774 0
    outer loop
      vertex 14.319426529109478 52.10358775556087 0.5900000000000001
      vertex 14.319426529109478 52.10358775556087 0
      vertex 14.266869388520718 51.91516632735729 0
    endloop
  endfacet
  facet normal -0.9835391332662379 0.180695249893011 0
    outer loop
      vertex 14.356967344880104 52.30792550891638 0.5900000000000001
      vertex 14.356967344880104 52.30792550891638 0
      vertex 14.319426529109478 52.10358775556087 0
    endloop
  endfacet
  facet normal 0.978071053193692 -0.208271493259596 0
    outer loop
      vertex 13.554362244904041 52.43767041116953 0.5900000000000001
      vertex 13.554362244904041 52.43767041116953 0
      vertex 13.59650306403637 52.63556938767433 0
    endloop
  endfacet
  facet normal 0.9982012457217355 -0.05995225633431442 0
    outer loop
      vertex 13.59650306403637 52.63556938767433 0.5900000000000001
      vertex 13.59650306403637 52.63556938767433 0
      vertex 13.610550001263618 52.86944999694824 0
    endloop
  endfacet
  facet normal 1 0 0
    outer loop
      vertex 13.610550001263618 52.86944999694824 0.5900000000000001
      vertex 13.610550001263618 52.86944999694824 0
      vertex 13.610550001263618 54.15110000371933 0
    endloop
  endfacet
  facet normal -0.9948115008078802 0.10173533240901748 0
    outer loop
      vertex 14.379491835832596 52.52817959487438 0.5900000000000001
      vertex 14.379491835832596 52.52817959487438 0
      vertex 14.356967344880104 52.30792550891638 0
    endloop
  endfacet
  facet normal -0.999495039091513 0.03177525501793873 0
    outer loop
      vertex 14.387000001966953 52.764349998533724 0.5900000000000001
      vertex 14.387000001966953 52.764349998533724 0
      vertex 14.379491835832596 52.52817959487438 0
    endloop
  endfacet
  facet normal 0 0 -1
    outer loop
      vertex 14.387000001966953 52.764349998533724 0.5900000000000001
      vertex 13.610550001263618 54.15110000371933 0.5900000000000001
      vertex 14.387000001966953 55.15135000050068 0.5900000000000001
    endloop
  endfacet
  facet normal 0 0 -1
    outer loop
      vertex 13.613949999213219 55.87039999812841 0.5900000000000001
      vertex 13.613949999213219 58.39305000156164 0.5900000000000001
      vertex 14.387000001966953 55.87039999812841 0.5900000000000001
    endloop
  endfacet
  facet normal 0 0 -1
    outer loop
      vertex 13.613949999213219 58.39305000156164 0.5900000000000001
      vertex 14.387000001966953 59.39329999834299 0.5900000000000001
      vertex 14.387000001966953 55.87039999812841 0.5900000000000001
    endloop
  endfacet
  facet normal 0 1 0
    outer loop
      vertex 13.613949999213219 55.87039999812841 0.5900000000000001
      vertex 14.387000001966953 55.87039999812841 0.5900000000000001
      vertex 13.613949999213219 55.87039999812841 0
    endloop
  endfacet
  facet normal -1 0 0
    outer loop
      vertex 14.387000001966953 55.15135000050068 0.5900000000000001
      vertex 14.387000001966953 55.15135000050068 0
      vertex 14.387000001966953 52.764349998533724 0
    endloop
  endfacet
  facet normal 0 1 0
    outer loop
      vertex 14.387000001966953 55.87039999812841 0.5900000000000001
      vertex 14.387000001966953 55.87039999812841 0
      vertex 13.613949999213219 55.87039999812841 0
    endloop
  endfacet
  facet normal 1 0 0
    outer loop
      vertex 13.613949999213219 55.87039999812841 0.5900000000000001
      vertex 13.613949999213219 55.87039999812841 0
      vertex 13.613949999213219 58.39305000156164 0
    endloop
  endfacet
  facet normal 1 0 0
    outer loop
      vertex 13.613949999213219 55.87039999812841 0.5900000000000001
      vertex 13.613949999213219 58.39305000156164 0
      vertex 13.613949999213219 58.39305000156164 0.5900000000000001
    endloop
  endfacet
  facet normal -1 0 0
    outer loop
      vertex 14.387000001966953 55.87039999812841 0.5900000000000001
      vertex 14.387000001966953 59.39329999834299 0.5900000000000001
      vertex 14.387000001966953 55.87039999812841 0
    endloop
  endfacet
  facet normal -1 0 0
    outer loop
      vertex 14.387000001966953 59.39329999834299 0.5900000000000001
      vertex 14.387000001966953 59.39329999834299 0
      vertex 14.387000001966953 55.87039999812841 0
    endloop
  endfacet
endsolid OpenSCAD_Model
